id_pdv;adresse;ville;latitude;longitude;pop;nom_carbu;id_carbu;maj;prix_carbu
13270004;DEVIATION RN 568 OUEST;Fos-sur-Mer;43.441;4.94;R;Gazole;1;2026-05-01 00:30:00;2.185
13270004;DEVIATION RN 568 OUEST;Fos-sur-Mer;43.441;4.94;R;E10;5;2026-05-01 00:30:00;1.99
13270004;DEVIATION RN 568 OUEST;Fos-sur-Mer;43.441;4.94;R;SP98;6;2026-05-01 00:30:00;2.07
18200011;Autoroute A71 - La GazonnièreSens Bourges – Clermond-Ferrand;FARGE ALLICHAMPS;46.752;2.416;A;Gazole;1;2026-05-01 00:30:00;2.357
18200011;Autoroute A71 - La GazonnièreSens Bourges – Clermond-Ferrand;FARGE ALLICHAMPS;46.752;2.416;A;GPLc;4;2026-05-01 00:30:00;1.119
18200011;Autoroute A71 - La GazonnièreSens Bourges – Clermond-Ferrand;FARGE ALLICHAMPS;46.752;2.416;A;E10;5;2026-05-01 00:30:00;2.156
18200011;Autoroute A71 - La GazonnièreSens Bourges – Clermond-Ferrand;FARGE ALLICHAMPS;46.752;2.416;A;SP98;6;2026-05-01 00:30:00;2.256
77550004;AUTOROUTE A5B - AIRE DE GALANDE-LA-MARE-LAROCHE;REAU;48.626;2.63;A;Gazole;1;2026-05-01 00:00:00;2.09
91100019;46 avenue du 8 mai 1945;CORBEIL ESSONNES;48.611;2.452;R;Gazole;1;2026-05-01 00:30:00;2.235
91100019;46 avenue du 8 mai 1945;CORBEIL ESSONNES;48.611;2.452;R;E10;5;2026-05-01 00:30:00;1.99
91100019;46 avenue du 8 mai 1945;CORBEIL ESSONNES;48.611;2.452;R;SP98;6;2026-05-01 00:30:00;2.07
73600010;446 AVENUE DES 16EMES J.O. D HIVER;MOUTIERS;45.487973282321;6.529250635582001;R;E10;5;2026-05-01 00:01:00;2.079
73600010;446 AVENUE DES 16EMES J.O. D HIVER;MOUTIERS;45.487973282321;6.529250635582001;R;SP98;6;2026-05-01 00:01:00;2.139
33520002;A630 ROC.PRESQU'ILE LAC COTE2;Bruges;44.888;-0.579;A;Gazole;1;2026-05-01 00:30:00;2.27
33520002;A630 ROC.PRESQU'ILE LAC COTE2;Bruges;44.888;-0.579;A;GPLc;4;2026-05-01 00:30:00;1.039
33520002;A630 ROC.PRESQU'ILE LAC COTE2;Bruges;44.888;-0.579;A;E10;5;2026-05-01 00:30:00;2.039
33520002;A630 ROC.PRESQU'ILE LAC COTE2;Bruges;44.888;-0.579;A;SP98;6;2026-05-01 00:30:00;2.139
42100005;36 Rue de Terrenoire;Saint-Étienne;45.433;4.415;R;Gazole;1;2026-05-01 00:30:00;2.249
42100005;36 Rue de Terrenoire;Saint-Étienne;45.433;4.415;R;E10;5;2026-05-01 00:30:00;1.999
42100005;36 Rue de Terrenoire;Saint-Étienne;45.433;4.415;R;SP98;6;2026-05-01 00:30:00;2.078
52100008;ROUTE DE VITRY;Saint-Dizier;48.641;4.908;R;Gazole;1;2026-05-01 00:30:00;2.195
52100008;ROUTE DE VITRY;Saint-Dizier;48.641;4.908;R;E10;5;2026-05-01 00:30:00;2.047
52100008;ROUTE DE VITRY;Saint-Dizier;48.641;4.908;R;SP98;6;2026-05-01 00:30:00;2.114
57600003;655 Rue de Sarreguemines;Oeting;49.174;6.918;R;Gazole;1;2026-05-01 00:30:00;2.208
57600003;655 Rue de Sarreguemines;Oeting;49.174;6.918;R;E10;5;2026-05-01 00:30:00;2.008
57600003;655 Rue de Sarreguemines;Oeting;49.174;6.918;R;SP98;6;2026-05-01 00:30:00;2.078
59174002;AUTOROUTE A2 - AIRE DE LA SENTINELLE OUEST;LA SENTINELLE;50.33964;3.46647;A;Gazole;1;2026-05-01 00:10:59;2.09
59450002;121 AVENUE ROGER SALENGRO;Sin-le-Noble;50.364;3.097;R;Gazole;1;2026-05-01 00:30:00;2.234
59450002;121 AVENUE ROGER SALENGRO;Sin-le-Noble;50.364;3.097;R;E10;5;2026-05-01 00:30:00;1.998
59450002;121 AVENUE ROGER SALENGRO;Sin-le-Noble;50.364;3.097;R;SP98;6;2026-05-01 00:30:00;2.119
69009003;69 AVENUE DU 25EME RTS;Lyon;45.781;4.801;R;Gazole;1;2026-05-01 00:30:00;2.237
69009003;69 AVENUE DU 25EME RTS;Lyon;45.781;4.801;R;E85;3;2026-05-01 00:30:00;1.0
69009003;69 AVENUE DU 25EME RTS;Lyon;45.781;4.801;R;E10;5;2026-05-01 00:30:00;2.005
69009003;69 AVENUE DU 25EME RTS;Lyon;45.781;4.801;R;SP98;6;2026-05-01 00:30:00;2.094
74000004;AVENUE DE LA PLAINE;Annecy;45.917;6.128;R;Gazole;1;2026-05-01 00:30:00;2.233
74000004;AVENUE DE LA PLAINE;Annecy;45.917;6.128;R;E85;3;2026-05-01 00:30:00;0.994
74000004;AVENUE DE LA PLAINE;Annecy;45.917;6.128;R;E10;5;2026-05-01 00:30:00;2.015
74000004;AVENUE DE LA PLAINE;Annecy;45.917;6.128;R;SP98;6;2026-05-01 00:30:00;2.088
8090001;RN 43 LE PORT LEROY;Cliron;49.805;4.621;R;Gazole;1;2026-05-01 00:30:00;2.238
8090001;RN 43 LE PORT LEROY;Cliron;49.805;4.621;R;E10;5;2026-05-01 00:30:00;2.018
8090001;RN 43 LE PORT LEROY;Cliron;49.805;4.621;R;SP98;6;2026-05-01 00:30:00;2.138
11100010;AVENUE CROIX SUD;Narbonne;43.161;2.988;R;Gazole;1;2026-05-01 00:30:00;2.18
11100010;AVENUE CROIX SUD;Narbonne;43.161;2.988;R;E10;5;2026-05-01 00:30:00;1.99
11100010;AVENUE CROIX SUD;Narbonne;43.161;2.988;R;SP98;6;2026-05-01 00:30:00;2.07
82710003;Aire de Nauze Vert, RN 20;BRESSOLS;43.968;1.339;A;Gazole;1;2026-05-01 00:30:00;2.341
82710003;Aire de Nauze Vert, RN 20;BRESSOLS;43.968;1.339;A;E10;5;2026-05-01 00:30:00;2.162
82710003;Aire de Nauze Vert, RN 20;BRESSOLS;43.968;1.339;A;SP98;6;2026-05-01 00:30:00;2.262
87160002;AUTOROUTE A 20;Saint-Sulpice-les-Feuilles;46.313;1.419;A;Gazole;1;2026-05-01 00:30:00;2.346
87160002;AUTOROUTE A 20;Saint-Sulpice-les-Feuilles;46.313;1.419;A;GPLc;4;2026-05-01 00:30:00;1.099
87160002;AUTOROUTE A 20;Saint-Sulpice-les-Feuilles;46.313;1.419;A;E10;5;2026-05-01 00:30:00;2.085
87160002;AUTOROUTE A 20;Saint-Sulpice-les-Feuilles;46.313;1.419;A;SP98;6;2026-05-01 00:30:00;2.185
10110001;14 FAUX BOURG DE BOURGOGNE;Bar-sur-Seine;48.106;4.377;R;Gazole;1;2026-05-01 00:30:00;2.196
10110001;14 FAUX BOURG DE BOURGOGNE;Bar-sur-Seine;48.106;4.377;R;E85;3;2026-05-01 00:30:00;0.913
10110001;14 FAUX BOURG DE BOURGOGNE;Bar-sur-Seine;48.106;4.377;R;E10;5;2026-05-01 00:30:00;2.024
10110001;14 FAUX BOURG DE BOURGOGNE;Bar-sur-Seine;48.106;4.377;R;SP98;6;2026-05-01 00:30:00;2.136
91180001;RN 20;Saint-Germain-lès-Arpajon;48.603;2.248;R;Gazole;1;2026-05-01 00:30:00;2.227
91180001;RN 20;Saint-Germain-lès-Arpajon;48.603;2.248;R;E10;5;2026-05-01 00:30:00;1.99
91180001;RN 20;Saint-Germain-lès-Arpajon;48.603;2.248;R;SP98;6;2026-05-01 00:30:00;2.057
34690009;A9 - AIRE DE FABREGUES NORD;FABREGUES;43.548175937549;3.7956014943175;A;Gazole;1;2026-05-01 00:00:00;2.09
34690009;A9 - AIRE DE FABREGUES NORD;FABREGUES;43.548175937549;3.7956014943175;A;E10;5;2026-05-01 00:00:00;1.99
34690009;A9 - AIRE DE FABREGUES NORD;FABREGUES;43.548175937549;3.7956014943175;A;SP98;6;2026-05-01 00:00:00;1.99
91380004;7 Avenue Pierre Brossolette;Chilly-Mazarin;48.701;2.319;R;Gazole;1;2026-05-01 00:30:00;2.128
91380004;7 Avenue Pierre Brossolette;Chilly-Mazarin;48.701;2.319;R;E85;3;2026-05-01 00:30:00;0.933
91380004;7 Avenue Pierre Brossolette;Chilly-Mazarin;48.701;2.319;R;E10;5;2026-05-01 00:30:00;1.988
91380004;7 Avenue Pierre Brossolette;Chilly-Mazarin;48.701;2.319;R;SP98;6;2026-05-01 00:30:00;2.068
26800007;AUTOROUTE A7 - AIRE PORTE LES VALENCE EST;Portes-lès-Valence;44.864;4.866;A;Gazole;1;2026-05-01 00:10:00;2.09
94170002;264 Avenue du Général de Gaulle;Le Perreux-sur-Marne;48.851;2.495;R;Gazole;1;2026-05-01 00:30:00;2.248
94170002;264 Avenue du Général de Gaulle;Le Perreux-sur-Marne;48.851;2.495;R;E85;3;2026-05-01 00:30:00;0.935
94170002;264 Avenue du Général de Gaulle;Le Perreux-sur-Marne;48.851;2.495;R;E10;5;2026-05-01 00:30:00;1.99
94170002;264 Avenue du Général de Gaulle;Le Perreux-sur-Marne;48.851;2.495;R;SP98;6;2026-05-01 00:30:00;2.07
94190002;20 Rue Winston Churchill;Villeneuve-Saint-Georges;48.754;2.45;R;Gazole;1;2026-05-01 00:30:00;2.195
94190002;20 Rue Winston Churchill;Villeneuve-Saint-Georges;48.754;2.45;R;E10;5;2026-05-01 00:30:00;2.014
94190002;20 Rue Winston Churchill;Villeneuve-Saint-Georges;48.754;2.45;R;SP98;6;2026-05-01 00:30:00;2.094
94380002;ROUTE DE LA POMPADOUR;Bonneuil-sur-Marne;48.765;2.478;R;Gazole;1;2026-05-01 00:30:00;2.241
94380002;ROUTE DE LA POMPADOUR;Bonneuil-sur-Marne;48.765;2.478;R;E10;5;2026-05-01 00:30:00;1.99
94380002;ROUTE DE LA POMPADOUR;Bonneuil-sur-Marne;48.765;2.478;R;SP98;6;2026-05-01 00:30:00;2.07
95130001;9 Boulevard du Bel Air;Franconville;48.986;2.238;R;Gazole;1;2026-05-01 00:30:00;2.148
95130001;9 Boulevard du Bel Air;Franconville;48.986;2.238;R;E10;5;2026-05-01 00:30:00;1.988
95130001;9 Boulevard du Bel Air;Franconville;48.986;2.238;R;SP98;6;2026-05-01 00:30:00;2.064
95570007;RN1;Moisselles;49.041;2.343;R;Gazole;1;2026-05-01 00:30:00;2.214
95570007;RN1;Moisselles;49.041;2.343;R;E10;5;2026-05-01 00:30:00;2.015
95570007;RN1;Moisselles;49.041;2.343;R;SP98;6;2026-05-01 00:30:00;2.139
69500009;BD LAURENT BONNEVAY;BRON;45.739;4.905;R;Gazole;1;2026-05-01 00:01:00;2.09
69500009;BD LAURENT BONNEVAY;BRON;45.739;4.905;R;E10;5;2026-05-01 00:01:00;1.99
69500009;BD LAURENT BONNEVAY;BRON;45.739;4.905;R;SP98;6;2026-05-01 00:01:00;1.99
29400003;137 Avenue Maréchal Foch;Landivisiau;48.515;-4.054;R;Gazole;1;2026-05-01 00:30:00;2.158
29400003;137 Avenue Maréchal Foch;Landivisiau;48.515;-4.054;R;E10;5;2026-05-01 00:30:00;1.998
29400003;137 Avenue Maréchal Foch;Landivisiau;48.515;-4.054;R;SP98;6;2026-05-01 00:30:00;2.078
1390011;AIRE DE MIONNAY OUEST;MIONNAY;45.885505980051;4.8936217878982;A;E10;5;2026-05-01 00:00:00;2.475
1390011;AIRE DE MIONNAY OUEST;MIONNAY;45.885505980051;4.8936217878982;A;SP98;6;2026-05-01 00:00:00;2.625
28160004;AUTOROUTE A11 OCEANE;Dampierre-sous-Brou;48.24;1.083;A;Gazole;1;2026-05-01 00:30:00;2.342
28160004;AUTOROUTE A11 OCEANE;Dampierre-sous-Brou;48.24;1.083;A;E10;5;2026-05-01 00:30:00;2.151
28160004;AUTOROUTE A11 OCEANE;Dampierre-sous-Brou;48.24;1.083;A;SP98;6;2026-05-01 00:30:00;2.251
72400017;AUT A11 AIRE DE LA FERTE BERNARD;Villaines-la-Gonais;48.124964192082;0.62210350597264;A;Gazole;1;2026-05-01 00:01:00;2.544
72400017;AUT A11 AIRE DE LA FERTE BERNARD;Villaines-la-Gonais;48.124964192082;0.62210350597264;A;GPLc;4;2026-05-01 00:01:00;1.149
72400017;AUT A11 AIRE DE LA FERTE BERNARD;Villaines-la-Gonais;48.124964192082;0.62210350597264;A;E10;5;2026-05-01 00:01:00;2.294
72400017;AUT A11 AIRE DE LA FERTE BERNARD;Villaines-la-Gonais;48.124964192082;0.62210350597264;A;SP98;6;2026-05-01 00:01:00;2.394
69380010;A6 Aire des Cheres Est;Les Cheres;45.903;4.73;A;Gazole;1;2026-05-01 00:30:00;2.39
69380010;A6 Aire des Cheres Est;Les Cheres;45.903;4.73;A;E85;3;2026-05-01 00:30:00;1.015
69380010;A6 Aire des Cheres Est;Les Cheres;45.903;4.73;A;GPLc;4;2026-05-01 00:30:00;1.049
69380010;A6 Aire des Cheres Est;Les Cheres;45.903;4.73;A;E10;5;2026-05-01 00:30:00;2.183
69380010;A6 Aire des Cheres Est;Les Cheres;45.903;4.73;A;SP98;6;2026-05-01 00:30:00;2.283
82000007;395 AVENUE DE BORDEAUX;MONTAUBAN;44.025;1.331;R;Gazole;1;2026-05-01 00:01:00;2.09
31500008;151 AVENUE JEAN CHAUBET;TOULOUSE;43.606;1.481;R;Gazole;1;2026-05-01 00:01:00;2.09
31240002;AVENUE DE BAYONNE;L'UNION;43.649;1.484;R;Gazole;1;2026-05-01 00:01:00;2.09
59817002;BOULEVARD DU BOIS D'HENCHEMONT;LESQUIN;50.581239973871995;3.1113689595327996;R;Gazole;1;2026-05-01 00:00:00;2.458
82600002;CC LES SIGALERES - Avenue de Toulouse - RD 3;AUCAMVILLE;43.8;1.221;R;Gazole;1;2026-05-01 00:01:00;2.09
64210005;AUTOROUTE A63 - AIRE DE BIDART EST;BIDART;43.42214;-1.5976;A;Gazole;1;2026-05-01 00:05:00;2.09
93140002;108 Avenue Gallieni;Bondy;48.905736767977004;2.4814502497433;R;Gazole;1;2026-05-01 00:30:00;2.244
93140002;108 Avenue Gallieni;Bondy;48.905736767977004;2.4814502497433;R;E10;5;2026-05-01 00:30:00;1.99
93140002;108 Avenue Gallieni;Bondy;48.905736767977004;2.4814502497433;R;SP98;6;2026-05-01 00:30:00;2.07
72190003;A11 - AIRE SARTHE SARGE LE MANS SUD;Sargé-lès-le-Mans;48.055086609731;0.25282942866116;A;Gazole;1;2026-05-01 00:02:00;2.09
73140008;AIRE ST MICHEL DE MAURIENNE A43 SENS ALBERTVILLE TUNNEL FREJUS;SAINT MARTIN D'ARC;45.217721060879;6.461941830136801;A;Gazole;1;2026-05-01 00:01:00;2.599
73140008;AIRE ST MICHEL DE MAURIENNE A43 SENS ALBERTVILLE TUNNEL FREJUS;SAINT MARTIN D'ARC;45.217721060879;6.461941830136801;A;GPLc;4;2026-05-01 00:01:00;1.199
73140008;AIRE ST MICHEL DE MAURIENNE A43 SENS ALBERTVILLE TUNNEL FREJUS;SAINT MARTIN D'ARC;45.217721060879;6.461941830136801;A;E10;5;2026-05-01 00:01:00;2.329
73140008;AIRE ST MICHEL DE MAURIENNE A43 SENS ALBERTVILLE TUNNEL FREJUS;SAINT MARTIN D'ARC;45.217721060879;6.461941830136801;A;SP98;6;2026-05-01 00:01:00;2.399
79000014;"Route de la rochelle, lieu-dit ""les grues""";Bessines;46.28911181978199;-0.5108700918331099;R;Gazole;1;2026-05-01 00:00:00;2.189
79000014;"Route de la rochelle, lieu-dit ""les grues""";Bessines;46.28911181978199;-0.5108700918331099;R;E10;5;2026-05-01 00:00:00;2.059
79000014;"Route de la rochelle, lieu-dit ""les grues""";Bessines;46.28911181978199;-0.5108700918331099;R;SP98;6;2026-05-01 00:00:00;2.139
38340018;A48 AIRE ILE ROSE;VOREPPE;45.277;5.623;A;Gazole;1;2026-05-01 00:01:00;2.549
38340018;A48 AIRE ILE ROSE;VOREPPE;45.277;5.623;A;GPLc;4;2026-05-01 00:01:00;1.149
38340018;A48 AIRE ILE ROSE;VOREPPE;45.277;5.623;A;E10;5;2026-05-01 00:01:00;2.299
38340018;A48 AIRE ILE ROSE;VOREPPE;45.277;5.623;A;SP98;6;2026-05-01 00:01:00;2.393
87280002;AUTOROUTE A 20;Limoges;45.914;1.293;A;Gazole;1;2026-05-01 00:30:00;2.269
87280002;AUTOROUTE A 20;Limoges;45.914;1.293;A;E10;5;2026-05-01 00:30:00;2.08
87280002;AUTOROUTE A 20;Limoges;45.914;1.293;A;SP98;6;2026-05-01 00:30:00;2.155
27150004;109 rue saint maur;etrepagny;49.305;1.622;R;Gazole;1;2026-05-01 00:01:00;2.09
31670001;CENTRE COMMERCIAL DE L'AUTAN;LABEGE;43.531;1.535;R;Gazole;1;2026-05-01 00:01:00;2.09
31170004;CENTRE COMMERCIAL BORDENEUVE;TOURNEFEUILLE;43.578;1.327;R;Gazole;1;2026-05-01 00:01:00;2.09
69380009;A6 Aire des Cheres Ouest;Les Cheres;45.895;4.732;A;Gazole;1;2026-05-01 00:30:00;2.415
69380009;A6 Aire des Cheres Ouest;Les Cheres;45.895;4.732;A;E10;5;2026-05-01 00:30:00;2.188
69380009;A6 Aire des Cheres Ouest;Les Cheres;45.895;4.732;A;SP98;6;2026-05-01 00:30:00;2.288
8400002;Rd 976, Chestres;Vouziers;49.398687170482;4.715634421409;R;Gazole;1;2026-05-01 00:30:00;2.179
8400002;Rd 976, Chestres;Vouziers;49.398687170482;4.715634421409;R;E10;5;2026-05-01 00:30:00;2.022
8400002;Rd 976, Chestres;Vouziers;49.398687170482;4.715634421409;R;SP98;6;2026-05-01 00:30:00;2.102
20224001;Station TOTAL;Calacuccia;42.33399;9.00872;R;Gazole;1;2026-05-01 00:17:22;2.09
78710005;A13 Aire de Rosny Sud;ROSNY-SUR-SEINE;48.992;1.632;A;Gazole;1;2026-05-01 00:30:00;2.189
78710005;A13 Aire de Rosny Sud;ROSNY-SUR-SEINE;48.992;1.632;A;E85;3;2026-05-01 00:30:00;0.999
78710005;A13 Aire de Rosny Sud;ROSNY-SUR-SEINE;48.992;1.632;A;E10;5;2026-05-01 00:30:00;2.0
78710005;A13 Aire de Rosny Sud;ROSNY-SUR-SEINE;48.992;1.632;A;SP98;6;2026-05-01 00:30:00;2.095
51340003;32 AVENUE DU BOIS DU ROI;Pargny-sur-Saulx;48.768916720338;4.844073806546;R;Gazole;1;2026-05-01 00:01:00;2.09
38340011;AUTOROUTE A48 - AIRE DE VOREPPE;VOREPPE;45.278;5.624;A;Gazole;1;2026-05-01 00:02:00;2.09
24330007;Autoroute A89 - Aire de Manoire;Saint-Laurent-sur-Manoire;45.151;0.799;A;Gazole;1;2026-05-01 00:30:00;2.184
24330007;Autoroute A89 - Aire de Manoire;Saint-Laurent-sur-Manoire;45.151;0.799;A;E85;3;2026-05-01 00:30:00;0.919
24330007;Autoroute A89 - Aire de Manoire;Saint-Laurent-sur-Manoire;45.151;0.799;A;GPLc;4;2026-05-01 00:30:00;1.019
24330007;Autoroute A89 - Aire de Manoire;Saint-Laurent-sur-Manoire;45.151;0.799;A;E10;5;2026-05-01 00:30:00;1.995
24330007;Autoroute A89 - Aire de Manoire;Saint-Laurent-sur-Manoire;45.151;0.799;A;SP98;6;2026-05-01 00:30:00;2.085
6200014;Route de Grenoble;Nice;43.759;7.2;R;Gazole;1;2026-05-01 00:30:00;2.22
6200014;Route de Grenoble;Nice;43.759;7.2;R;E10;5;2026-05-01 00:30:00;1.999
6200014;Route de Grenoble;Nice;43.759;7.2;R;SP98;6;2026-05-01 00:30:00;2.079
38150011;RN7 LES PERRIERS;Salaise-sur-Sanne;45.349;4.804;R;Gazole;1;2026-05-01 00:30:00;2.277
38150011;RN7 LES PERRIERS;Salaise-sur-Sanne;45.349;4.804;R;E10;5;2026-05-01 00:30:00;1.99
38150011;RN7 LES PERRIERS;Salaise-sur-Sanne;45.349;4.804;R;SP98;6;2026-05-01 00:30:00;2.088
80290008;A29 Aire de CROIXRAULT;CROIXRAULT;49.808;1.968;A;Gazole;1;2026-05-01 00:30:00;2.189
80290008;A29 Aire de CROIXRAULT;CROIXRAULT;49.808;1.968;A;E85;3;2026-05-01 00:30:00;0.92
80290008;A29 Aire de CROIXRAULT;CROIXRAULT;49.808;1.968;A;E10;5;2026-05-01 00:30:00;2.0
80290008;A29 Aire de CROIXRAULT;CROIXRAULT;49.808;1.968;A;SP98;6;2026-05-01 00:30:00;2.075
91100015;AUTOROUTE A6 - AIRE DE VILLABÉ;VILLABE;48.594;2.444;A;Gazole;1;2026-05-01 00:01:00;2.09
76680004;AUTOROUTE A28 - AIRE DE BOSC MESNIL;Bosc-Mesnil;49.675589360189;1.3347640905368;A;Gazole;1;2026-05-01 00:02:00;2.09
76680004;AUTOROUTE A28 - AIRE DE BOSC MESNIL;Bosc-Mesnil;49.675589360189;1.3347640905368;A;E10;5;2026-05-01 00:02:00;1.99
76680004;AUTOROUTE A28 - AIRE DE BOSC MESNIL;Bosc-Mesnil;49.675589360189;1.3347640905368;A;SP98;6;2026-05-01 00:02:00;1.99
52100019;RN4 SENS VITRY NANCY;HALLIGNICOURT;48.642054454094;4.9014666700679;R;Gazole;1;2026-05-01 00:00:00;2.458
51400010;A4 - PARIS STRASBOURG;LES PETITES LOGES;49.12029;4.24286;A;Gazole;1;2026-05-01 00:05:00;2.09
31290005;170 Avenue de la République;Villefranche-de-Lauragais;43.403;1.712;R;Gazole;1;2026-05-01 00:30:00;2.158
31290005;170 Avenue de la République;Villefranche-de-Lauragais;43.403;1.712;R;E85;3;2026-05-01 00:30:00;0.948
31290005;170 Avenue de la République;Villefranche-de-Lauragais;43.403;1.712;R;E10;5;2026-05-01 00:30:00;1.988
31290005;170 Avenue de la République;Villefranche-de-Lauragais;43.403;1.712;R;SP98;6;2026-05-01 00:30:00;2.108
94000010;AUTOROUTE A86 CARRE.POMPADOUR;Créteil;48.777365166952;2.4409142048333;A;Gazole;1;2026-05-01 00:02:00;2.09
94000010;AUTOROUTE A86 CARRE.POMPADOUR;Créteil;48.777365166952;2.4409142048333;A;E10;5;2026-05-01 00:02:00;1.99
74140006;LES BLOSSONNIERS ROUTE DES VOIRONS;VEIGY-FONCENEX;46.2702266;6.2570071;R;Gazole;1;2026-05-01 00:01:00;2.269
74140006;LES BLOSSONNIERS ROUTE DES VOIRONS;VEIGY-FONCENEX;46.2702266;6.2570071;R;SP95;2;2026-05-01 00:01:00;2.129
74140006;LES BLOSSONNIERS ROUTE DES VOIRONS;VEIGY-FONCENEX;46.2702266;6.2570071;R;SP98;6;2026-05-01 00:01:00;2.179
25640007;AUTOROUTE A36 - AIRE DE BESANCON MARCHAUX;MARCHAUX;47.32512;6.11672;A;Gazole;1;2026-05-01 00:30:37;2.09
59113011;A1 Aire de Phalempin Ouest;SECLIN;50.532;3.046;A;Gazole;1;2026-05-01 00:30:00;2.179
59113011;A1 Aire de Phalempin Ouest;SECLIN;50.532;3.046;A;E85;3;2026-05-01 00:30:00;0.901
59113011;A1 Aire de Phalempin Ouest;SECLIN;50.532;3.046;A;GPLc;4;2026-05-01 00:30:00;1.009
59113011;A1 Aire de Phalempin Ouest;SECLIN;50.532;3.046;A;E10;5;2026-05-01 00:30:00;1.99
59113011;A1 Aire de Phalempin Ouest;SECLIN;50.532;3.046;A;SP98;6;2026-05-01 00:30:00;2.065
13320005;456 Avenue des Chabauds;Bouc-Bel-Air;43.434;5.396;A;Gazole;1;2026-05-01 00:30:00;2.338
13320005;456 Avenue des Chabauds;Bouc-Bel-Air;43.434;5.396;A;GPLc;4;2026-05-01 00:30:00;1.099
13320005;456 Avenue des Chabauds;Bouc-Bel-Air;43.434;5.396;A;E10;5;2026-05-01 00:30:00;2.086
13320005;456 Avenue des Chabauds;Bouc-Bel-Air;43.434;5.396;A;SP98;6;2026-05-01 00:30:00;2.186
52100018;RN4 sens nancy-paris;Hallignicourt;48.642435001387994;4.9026566657231;R;Gazole;1;2026-05-01 00:00:00;2.458
69360013;AUTOROUTE A46 - AIRE COMMUNAY SUD;COMMUNAY;45.589;4.826;A;Gazole;1;2026-05-01 00:10:00;2.09
67410002;1 rue du collège;Drusenheim;48.76;7.954;R;Gazole;1;2026-05-01 00:32:00;2.259
67410002;1 rue du collège;Drusenheim;48.76;7.954;R;E10;5;2026-05-01 00:32:00;2.119
67410002;1 rue du collège;Drusenheim;48.76;7.954;R;SP98;6;2026-05-01 00:32:00;2.199
31810003;AVENUE DE TOULOUSE;VERNET;43.438;1.426;R;Gazole;1;2026-05-01 00:01:00;2.09
50240003;AUTOROUTE A84 - AIRE DU MONT SAINT MICHEL;Saint-Aubin-de-Terregatte;48.58491;-1.32638;A;Gazole;1;2026-05-01 00:02:00;2.09
37390004;81 route de Château-la-Vallière;La Membrolle-sur-Choisille;47.442;0.624;R;Gazole;1;2026-05-01 00:01:00;2.09
33310008;RN230 - AIRE DE FONTBELLEAU;LORMONT;44.874;-0.506;R;Gazole;1;2026-05-01 00:10:00;2.09
33240010;AUTOROUTE A10 - AIRE DE L'ESTALOT;ST ANDRE DE CUBZAC;44.9790295481;-0.430828070241;A;Gazole;1;2026-05-01 00:10:00;2.09
45770003;RUE DES CHATAIGNIERS;SARAN;47.948718;1.8437720000000002;R;Gazole;1;2026-05-01 00:00:00;2.458
38670002;ZI DE L'ISLON;CHASSE SUR RHONE;45.582317;4.792002;R;Gazole;1;2026-05-01 00:00:00;2.458
91480002;61 Rue de Brunoy;Quincy-sous-Sénart;48.677;2.527;R;Gazole;1;2026-05-01 00:34:02;2.09
57260003;18 Avenue Foch;DIEUZE;48.812;6.715;R;Gazole;1;2026-05-01 00:00:00;2.299
57260003;18 Avenue Foch;DIEUZE;48.812;6.715;R;SP95;2;2026-05-01 00:00:00;2.159
57260003;18 Avenue Foch;DIEUZE;48.812;6.715;R;SP98;6;2026-05-01 00:00:00;2.199
45520003;AUTOROUTE A10 - AIRE D'ORLÉANS-SARAN;GIDY;47.98;1.856;A;Gazole;1;2026-05-01 00:05:00;2.09
77290003;AERODROME DE MITRY;COMPANS;48.995636952778;2.6491095556006;R;Gazole;1;2026-05-01 00:00:00;2.458
39500007;ROUTE NATIONALE 73;DAMPARIS;47.048889;5.429444;R;Gazole;1;2026-05-01 00:00:00;2.458
62231001;RUE DU CAP DE BONNE ESPERANCE;COQUELLES;50.925303;1.8502560000000001;R;Gazole;1;2026-05-01 00:00:00;2.458
76210006;Aire de Bolleville A29;Bolleville;49.614;0.546;A;Gazole;1;2026-05-01 00:30:00;2.315
76210006;Aire de Bolleville A29;Bolleville;49.614;0.546;A;GPLc;4;2026-05-01 00:30:00;1.159
76210006;Aire de Bolleville A29;Bolleville;49.614;0.546;A;E10;5;2026-05-01 00:30:00;2.124
76210006;Aire de Bolleville A29;Bolleville;49.614;0.546;A;SP98;6;2026-05-01 00:30:00;2.224
67116003;ROUTE D37;REICHSTETT;48.656552351845;7.7562861753134;R;Gazole;1;2026-05-01 00:00:00;2.458
61250002;28 Rue d'Alençon;Condé-sur-Sarthe;48.435;0.054;R;Gazole;1;2026-05-01 00:34:01;2.09
13340005;ROUTE NATIONALE 113;ROGNAC;43.496204350752;5.2144995264378;R;Gazole;1;2026-05-01 00:00:00;2.458
23300010;14 LA CROISIERE;SAINT MAURICE LA SOUTERRAINE;46.20444;1.38583;R;Gazole;1;2026-05-01 00:00:00;2.458
3400005;ZONE ARTISANALE DU LARRY;TOULON SUR ALLIER;46.506387000000004;3.3617220000000003;R;Gazole;1;2026-05-01 00:00:00;2.458
29290002;Place Léon Cheminant;Saint-Renan;48.435;-4.622;R;Gazole;1;2026-05-01 00:01:00;2.09
68390004;AUTOROUTE A35 - AIRE DE BATTENHEIM;BATTENHEIM;47.8369131343;7.3954061823;A;Gazole;1;2026-05-01 00:01:00;2.09
11480009;Aire de service de La Palme Ouest - Sens France Espagne;La Palme;42.951;2.97;A;Gazole;1;2026-05-01 00:30:00;2.304
11480009;Aire de service de La Palme Ouest - Sens France Espagne;La Palme;42.951;2.97;A;E85;3;2026-05-01 00:30:00;0.999
11480009;Aire de service de La Palme Ouest - Sens France Espagne;La Palme;42.951;2.97;A;GPLc;4;2026-05-01 00:30:00;1.095
11480009;Aire de service de La Palme Ouest - Sens France Espagne;La Palme;42.951;2.97;A;E10;5;2026-05-01 00:30:00;2.115
11480009;Aire de service de La Palme Ouest - Sens France Espagne;La Palme;42.951;2.97;A;SP98;6;2026-05-01 00:30:00;2.215
54300005;RN 333;VITRIMONT;48.591;6.426;R;Gazole;1;2026-05-01 00:30:00;2.368
54300005;RN 333;VITRIMONT;48.591;6.426;R;GPLc;4;2026-05-01 00:30:00;0.993
54300005;RN 333;VITRIMONT;48.591;6.426;R;E10;5;2026-05-01 00:30:00;2.075
54300005;RN 333;VITRIMONT;48.591;6.426;R;SP98;6;2026-05-01 00:30:00;2.175
38330002;Chemin des Évêquaux;Biviers;45.24;5.814;R;Gazole;1;2026-05-01 00:30:00;2.219
38330002;Chemin des Évêquaux;Biviers;45.24;5.814;R;E85;3;2026-05-01 00:30:00;0.993
38330002;Chemin des Évêquaux;Biviers;45.24;5.814;R;E10;5;2026-05-01 00:30:00;1.999
38330002;Chemin des Évêquaux;Biviers;45.24;5.814;R;SP98;6;2026-05-01 00:30:00;2.079
41000021;A10 Aire de Blois Ménars;Villerbon;47.663;1.387;A;Gazole;1;2026-05-01 00:30:00;2.343
41000021;A10 Aire de Blois Ménars;Villerbon;47.663;1.387;A;E85;3;2026-05-01 00:30:00;0.999
41000021;A10 Aire de Blois Ménars;Villerbon;47.663;1.387;A;GPLc;4;2026-05-01 00:30:00;1.139
41000021;A10 Aire de Blois Ménars;Villerbon;47.663;1.387;A;E10;5;2026-05-01 00:30:00;2.124
41000021;A10 Aire de Blois Ménars;Villerbon;47.663;1.387;A;SP98;6;2026-05-01 00:30:00;2.224
85140004;56 rue Nationale;L'OIE;46.803;-1.132;R;Gazole;1;2026-05-01 00:07:56;2.09
85140004;56 rue Nationale;L'OIE;46.803;-1.132;R;E85;3;2026-05-01 00:07:57;0.889
85140004;56 rue Nationale;L'OIE;46.803;-1.132;R;E10;5;2026-05-01 00:07:57;1.99
85140004;56 rue Nationale;L'OIE;46.803;-1.132;R;SP98;6;2026-05-01 00:07:57;1.99
71480006;ZI DE MILLEURE;Le MIROIR;46.547;5.324;A;Gazole;1;2026-05-01 00:05:00;2.09
26300012;60 RUE DES MARGUERITES;ALIXAN;45.0;5.001;R;Gazole;1;2026-05-01 00:02:00;2.09
35300001;20 BOULEVARD SAINT GERMAIN;Fougères;48.362;-1.209;R;Gazole;1;2026-05-01 00:30:00;2.146
35300001;20 BOULEVARD SAINT GERMAIN;Fougères;48.362;-1.209;R;E10;5;2026-05-01 00:30:00;2.019
35300001;20 BOULEVARD SAINT GERMAIN;Fougères;48.362;-1.209;R;SP98;6;2026-05-01 00:30:00;2.099
35370003;ROUTE NATIONALE 157 - AIRE DE MONDEVERT;MONDEVERT;48.089;-1.096;R;Gazole;1;2026-05-01 00:30:00;2.09
54610001;Route de Nancy;NOMENY;48.88701;6.23214;R;Gazole;1;2026-05-01 00:01:00;2.299
54610001;Route de Nancy;NOMENY;48.88701;6.23214;R;E10;5;2026-05-01 00:01:00;2.129
54610001;Route de Nancy;NOMENY;48.88701;6.23214;R;SP98;6;2026-05-01 00:01:00;2.199
21360003;Autoroute A6 du Soleil;BLIGNY-SUR-OUCHE;47.105;4.713;A;Gazole;1;2026-05-01 00:30:00;2.249
21360003;Autoroute A6 du Soleil;BLIGNY-SUR-OUCHE;47.105;4.713;A;GPLc;4;2026-05-01 00:30:00;1.139
21360003;Autoroute A6 du Soleil;BLIGNY-SUR-OUCHE;47.105;4.713;A;E10;5;2026-05-01 00:30:00;2.07
21360003;Autoroute A6 du Soleil;BLIGNY-SUR-OUCHE;47.105;4.713;A;SP98;6;2026-05-01 00:30:00;2.145
54520004;12 Avenue de la Résistance;Laxou;48.694;6.131;R;Gazole;1;2026-05-01 00:32:00;2.199
54520004;12 Avenue de la Résistance;Laxou;48.694;6.131;R;E85;3;2026-05-01 00:32:00;0.899
54520004;12 Avenue de la Résistance;Laxou;48.694;6.131;R;GPLc;4;2026-05-01 00:32:00;0.999
54520004;12 Avenue de la Résistance;Laxou;48.694;6.131;R;E10;5;2026-05-01 00:32:00;2.039
54520004;12 Avenue de la Résistance;Laxou;48.694;6.131;R;SP98;6;2026-05-01 00:32:00;2.099
15100003;10, Avenue de la Fontlong;SAINT-FLOUR;45.038;3.087;R;SP95;2;2026-05-01 00:01:00;2.119
50170006;42 RUE DE LA LIBERATION;Pontorson;48.554;-1.501;R;Gazole;1;2026-05-01 00:10:00;2.09
20000006;Aspretto;AJACCIO;41.929;8.765;R;Gazole;1;2026-05-01 00:11:29;2.09
32400003;450 ROUTE D'AQUITAINE;Riscle;43.668;-0.079;R;Gazole;1;2026-05-01 00:00:00;2.09
40230004;27 Avenue du Général de Gaulle;Tosse;43.689392196755996;-1.3330044457269;R;Gazole;1;2026-05-01 00:00:00;2.162
40230004;27 Avenue du Général de Gaulle;Tosse;43.689392196755996;-1.3330044457269;R;E10;5;2026-05-01 00:00:00;1.999
68970001;6 Route de Sélestat;Guémar;48.18717;7.39352;R;Gazole;1;2026-05-01 00:01:00;2.179
68970001;6 Route de Sélestat;Guémar;48.18717;7.39352;R;SP95;2;2026-05-01 00:01:00;2.049
68970001;6 Route de Sélestat;Guémar;48.18717;7.39352;R;SP98;6;2026-05-01 00:01:00;2.079
33680001;RTE DE BORDEAUX;Lacanau;44.97654;-1.06739;R;Gazole;1;2026-05-01 00:08:58;2.09
33680001;RTE DE BORDEAUX;Lacanau;44.97654;-1.06739;R;E10;5;2026-05-01 00:08:58;1.99
66700007;5 ROUTE DU LITTORAL;Argelès-sur-Mer;42.575;3.035;R;Gazole;1;2026-05-01 00:01:00;2.09
66700007;5 ROUTE DU LITTORAL;Argelès-sur-Mer;42.575;3.035;R;E85;3;2026-05-01 00:01:00;0.859
55190003;ROUTE DÉPARTEMENTALE 36D;PAGNY SUR MEUSE;48.686;5.726;R;Gazole;1;2026-05-01 00:01:00;2.09
26270007;1287 RN 7 - LES BLACHES;Cliousclat;44.72;4.806;R;Gazole;1;2026-05-01 00:01:00;2.09
57420002;1 Rue d'Alsace et de Lorraine;Solgne;48.97;6.296;R;Gazole;1;2026-05-01 00:00:00;2.09
11110005;AUTOROUTE A9 - AIRE DE NARBONNE VINASSAN SUD;Salles-d'Aude;43.2148856472;3.0923671173400002;A;Gazole;1;2026-05-01 00:05:00;2.09
78630009;AUTOROUTE A13 - AIRE DE MORAINVILLIERS NORD;MORAINVILLIERS;48.940636390951;1.9546125318413001;A;Gazole;1;2026-05-01 00:02:00;2.09
78630009;AUTOROUTE A13 - AIRE DE MORAINVILLIERS NORD;MORAINVILLIERS;48.940636390951;1.9546125318413001;A;E10;5;2026-05-01 00:02:00;1.99
78630009;AUTOROUTE A13 - AIRE DE MORAINVILLIERS NORD;MORAINVILLIERS;48.940636390951;1.9546125318413001;A;SP98;6;2026-05-01 00:02:00;1.99
63600003; Avenue Georges Clemenceau;AMBERT;45.55219;3.73976;R;Gazole;1;2026-05-01 00:01:00;2.09
63600003; Avenue Georges Clemenceau;AMBERT;45.55219;3.73976;R;E10;5;2026-05-01 00:01:00;1.99
18500007;A71Aire de Ste Thorette;Marmagne;47.095;2.24;A;Gazole;1;2026-05-01 00:30:00;2.321
18500007;A71Aire de Ste Thorette;Marmagne;47.095;2.24;A;E10;5;2026-05-01 00:30:00;2.129
18500007;A71Aire de Ste Thorette;Marmagne;47.095;2.24;A;SP98;6;2026-05-01 00:30:00;2.229
54340002;ZA TURLOMONT;POMPEY;48.768;6.124;R;Gazole;1;2026-05-01 00:35:00;2.199
54340002;ZA TURLOMONT;POMPEY;48.768;6.124;R;E85;3;2026-05-01 00:35:00;0.999
54340002;ZA TURLOMONT;POMPEY;48.768;6.124;R;E10;5;2026-05-01 00:35:00;2.029
54340002;ZA TURLOMONT;POMPEY;48.768;6.124;R;SP98;6;2026-05-01 00:35:00;2.099
78630008;AUTOROUTE A13 - AIRE DE MORAINVILLIERS SUD;MORAINVILLIERS;48.94070118;1.95295914;A;Gazole;1;2026-05-01 00:02:00;2.09
62152003;59 rue des allées;Neufchâtel-Hardelot;50.621;1.643;R;Gazole;1;2026-05-01 00:04:00;2.09
28500007;RN 12 (COTE SUD);Vert-en-Drouais;48.748;1.271;R;Gazole;1;2026-05-01 00:02:00;2.09
66160004;9 Carrer d'en cavailles;Le Boulou;42.5331814;2.8392185999999997;R;Gazole;1;2026-05-01 00:01:00;2.09
17138006;AIRE DE SERVICE - RN 11;PUILBOREAU;46.177;-1.103;R;Gazole;1;2026-05-01 00:04:00;2.09
17138006;AIRE DE SERVICE - RN 11;PUILBOREAU;46.177;-1.103;R;E10;5;2026-05-01 00:04:00;1.99
17138006;AIRE DE SERVICE - RN 11;PUILBOREAU;46.177;-1.103;R;SP98;6;2026-05-01 00:04:00;1.99
67420001;12 Rue Principale;SAINT-BLAISE-LA-ROCHE;48.406;7.163;R;Gazole;1;2026-05-01 00:02:40;2.09
67420001;12 Rue Principale;SAINT-BLAISE-LA-ROCHE;48.406;7.163;R;E10;5;2026-05-01 00:02:40;1.99
67420001;12 Rue Principale;SAINT-BLAISE-LA-ROCHE;48.406;7.163;R;SP98;6;2026-05-01 00:02:40;1.99
17350006;A10 - AIRE DE FENIOUX OUEST;FENIOUX;45.894721569803;-0.60338845634462;A;Gazole;1;2026-05-01 00:01:00;2.564
17350006;A10 - AIRE DE FENIOUX OUEST;FENIOUX;45.894721569803;-0.60338845634462;A;E85;3;2026-05-01 00:01:00;1.094
17350006;A10 - AIRE DE FENIOUX OUEST;FENIOUX;45.894721569803;-0.60338845634462;A;GPLc;4;2026-05-01 00:01:00;1.149
17350006;A10 - AIRE DE FENIOUX OUEST;FENIOUX;45.894721569803;-0.60338845634462;A;E10;5;2026-05-01 00:01:00;2.294
17350006;A10 - AIRE DE FENIOUX OUEST;FENIOUX;45.894721569803;-0.60338845634462;A;SP98;6;2026-05-01 00:01:00;2.394
1340002;1699 ROUTE DE BOURG;Malafretaz;46.323;5.137;R;Gazole;1;2026-05-01 00:02:00;2.25
1700003;RN 83;Miribel;45.871;4.912;R;Gazole;1;2026-05-01 00:30:00;2.215
1700003;RN 83;Miribel;45.871;4.912;R;E10;5;2026-05-01 00:30:00;2.004
1700003;RN 83;Miribel;45.871;4.912;R;SP98;6;2026-05-01 00:30:00;2.073
85100003;33 Avenue d'Aquitaine;Les Sables-d'Olonne;46.4989504;-1.7773459;R;Gazole;1;2026-05-01 00:01:00;2.09
11100008;Avenue de la Croix Sud - PL uniquement;Narbonne;43.163;2.989;R;Gazole;1;2026-05-01 00:30:00;2.225
64170012;AIRE DE LACQ AUDEJOS SUD;LACQ AUDEJOS SUD;43.421426;-0.598996;A;Gazole;1;2026-05-01 00:01:00;2.549
64170012;AIRE DE LACQ AUDEJOS SUD;LACQ AUDEJOS SUD;43.421426;-0.598996;A;E85;3;2026-05-01 00:01:00;1.049
64170012;AIRE DE LACQ AUDEJOS SUD;LACQ AUDEJOS SUD;43.421426;-0.598996;A;GPLc;4;2026-05-01 00:01:00;1.149
64170012;AIRE DE LACQ AUDEJOS SUD;LACQ AUDEJOS SUD;43.421426;-0.598996;A;E10;5;2026-05-01 00:01:00;2.249
64170012;AIRE DE LACQ AUDEJOS SUD;LACQ AUDEJOS SUD;43.421426;-0.598996;A;SP98;6;2026-05-01 00:01:00;2.349
34120007;18 AVENUE DE VERDUN;PEZENAS;43.455;3.423;R;Gazole;1;2026-05-01 00:01:00;2.259
34120007;18 AVENUE DE VERDUN;PEZENAS;43.455;3.423;R;E85;3;2026-05-01 00:01:00;0.899
34120007;18 AVENUE DE VERDUN;PEZENAS;43.455;3.423;R;E10;5;2026-05-01 00:01:00;2.069
34120007;18 AVENUE DE VERDUN;PEZENAS;43.455;3.423;R;SP98;6;2026-05-01 00:01:00;2.169
44740002;ROUTE DU POULIGUEN;Batz-sur-Mer;47.278;-2.468;R;Gazole;1;2026-05-01 00:00:00;2.299
44740002;ROUTE DU POULIGUEN;Batz-sur-Mer;47.278;-2.468;R;E10;5;2026-05-01 00:00:00;2.099
44740002;ROUTE DU POULIGUEN;Batz-sur-Mer;47.278;-2.468;R;SP98;6;2026-05-01 00:00:00;2.199
35150004;2 LE HARDIER;BRIE;47.972;-1.539;R;Gazole;1;2026-05-01 00:21:59;2.09
64170013;AIRE DE LACQ AUDEJOS NORD;LACQ AUDEJOS NORD - ARTIX;43.418747;-0.584483;A;Gazole;1;2026-05-01 00:01:00;2.549
64170013;AIRE DE LACQ AUDEJOS NORD;LACQ AUDEJOS NORD - ARTIX;43.418747;-0.584483;A;E10;5;2026-05-01 00:01:00;2.249
64170013;AIRE DE LACQ AUDEJOS NORD;LACQ AUDEJOS NORD - ARTIX;43.418747;-0.584483;A;SP98;6;2026-05-01 00:01:00;2.349
44120004;AUTOROUTE A83 - AIRE DE LA GRASSINIÈRE;VERTOU;47.162;-1.513;A;Gazole;1;2026-05-01 00:01:00;2.09
44120004;AUTOROUTE A83 - AIRE DE LA GRASSINIÈRE;VERTOU;47.162;-1.513;A;E10;5;2026-05-01 00:01:00;1.99
44120004;AUTOROUTE A83 - AIRE DE LA GRASSINIÈRE;VERTOU;47.162;-1.513;A;SP98;6;2026-05-01 00:01:00;1.99
31140012;15 ROUTE DE FRONTON;Aucamville;43.66;1.431;R;Gazole;1;2026-05-01 00:30:00;2.227
31140012;15 ROUTE DE FRONTON;Aucamville;43.66;1.431;R;E10;5;2026-05-01 00:30:00;2.013
31140012;15 ROUTE DE FRONTON;Aucamville;43.66;1.431;R;SP98;6;2026-05-01 00:30:00;2.085
68000020;42, ROUTE D'INGERSHEIM;COLMAR;48.084200683888994;7.3457832050324;R;Gazole;1;2026-05-01 00:01:00;2.299
68000020;42, ROUTE D'INGERSHEIM;COLMAR;48.084200683888994;7.3457832050324;R;E10;5;2026-05-01 00:01:00;2.099
68000020;42, ROUTE D'INGERSHEIM;COLMAR;48.084200683888994;7.3457832050324;R;SP98;6;2026-05-01 00:01:00;2.199
40700001;ROUTE DE ST SEVER;HAGETMAU;43.659;-0.591;R;Gazole;1;2026-05-01 00:00:00;2.09
40700001;ROUTE DE ST SEVER;HAGETMAU;43.659;-0.591;R;E10;5;2026-05-01 00:00:00;1.99
11370004;LIEUDIT CAP DE FRONTAVENUE DES ROSEAUX;PORT LEUCATE;42.854;3.035;R;Gazole;1;2026-05-01 00:30:00;2.268
11370004;LIEUDIT CAP DE FRONTAVENUE DES ROSEAUX;PORT LEUCATE;42.854;3.035;R;E10;5;2026-05-01 00:30:00;1.999
11370004;LIEUDIT CAP DE FRONTAVENUE DES ROSEAUX;PORT LEUCATE;42.854;3.035;R;SP98;6;2026-05-01 00:30:00;2.079
2200008;183 ROUTE DE PARIS;Vauxbuin;49.364;3.304;R;Gazole;1;2026-05-01 00:30:00;2.168
2200008;183 ROUTE DE PARIS;Vauxbuin;49.364;3.304;R;E10;5;2026-05-01 00:30:00;1.988
2200008;183 ROUTE DE PARIS;Vauxbuin;49.364;3.304;R;SP98;6;2026-05-01 00:30:00;2.058
33840003;A 65 - AIRE DE CAPTIEUX;CAPTIEUX;44.286238402129;-0.22900636350622;A;Gazole;1;2026-05-01 00:01:00;2.549
33840003;A 65 - AIRE DE CAPTIEUX;CAPTIEUX;44.286238402129;-0.22900636350622;A;GPLc;4;2026-05-01 00:01:00;1.149
33840003;A 65 - AIRE DE CAPTIEUX;CAPTIEUX;44.286238402129;-0.22900636350622;A;E10;5;2026-05-01 00:01:00;2.299
33840003;A 65 - AIRE DE CAPTIEUX;CAPTIEUX;44.286238402129;-0.22900636350622;A;SP98;6;2026-05-01 00:01:00;2.399
95470009;Autoroute A1 - Aire de vémars Est;VEMARS;49.072;2.553;A;Gazole;1;2026-05-01 00:30:00;2.269
95470009;Autoroute A1 - Aire de vémars Est;VEMARS;49.072;2.553;A;GPLc;4;2026-05-01 00:30:00;1.129
95470009;Autoroute A1 - Aire de vémars Est;VEMARS;49.072;2.553;A;E10;5;2026-05-01 00:30:00;2.08
95470009;Autoroute A1 - Aire de vémars Est;VEMARS;49.072;2.553;A;SP98;6;2026-05-01 00:30:00;2.155
5000010;Avenue de Provence;GAP;44.544;6.061;R;Gazole;1;2026-05-01 00:30:00;2.187
5000010;Avenue de Provence;GAP;44.544;6.061;R;E10;5;2026-05-01 00:30:00;1.999
5000010;Avenue de Provence;GAP;44.544;6.061;R;SP98;6;2026-05-01 00:30:00;2.079
13015016;20-22, RN DE ST ANTOINE;MARSEILLE;43.3694597399;5.35637794519;R;Gazole;1;2026-05-01 00:00:00;2.329
13015016;20-22, RN DE ST ANTOINE;MARSEILLE;43.3694597399;5.35637794519;R;E10;5;2026-05-01 00:00:00;2.129
13015016;20-22, RN DE ST ANTOINE;MARSEILLE;43.3694597399;5.35637794519;R;SP98;6;2026-05-01 00:00:00;2.229
14150001;84 Route de Caen;Ouistreham;49.269;-0.258;R;Gazole;1;2026-05-01 00:30:00;2.208
14150001;84 Route de Caen;Ouistreham;49.269;-0.258;R;E10;5;2026-05-01 00:30:00;2.048
14150001;84 Route de Caen;Ouistreham;49.269;-0.258;R;SP98;6;2026-05-01 00:30:00;2.128
21200003;27 Route de Pommard;Beaune;47.018;4.827;R;Gazole;1;2026-05-01 00:30:00;2.225
21200003;27 Route de Pommard;Beaune;47.018;4.827;R;E85;3;2026-05-01 00:30:00;0.934
21200003;27 Route de Pommard;Beaune;47.018;4.827;R;E10;5;2026-05-01 00:30:00;2.032
21200003;27 Route de Pommard;Beaune;47.018;4.827;R;SP98;6;2026-05-01 00:30:00;2.112
26290003;RN 7 - LES PEYRAUDS;Donzère;44.42;4.712;R;Gazole;1;2026-05-01 00:30:00;2.227
26290003;RN 7 - LES PEYRAUDS;Donzère;44.42;4.712;R;E10;5;2026-05-01 00:30:00;2.019
26290003;RN 7 - LES PEYRAUDS;Donzère;44.42;4.712;R;SP98;6;2026-05-01 00:30:00;2.099
26300005;ROUTE NATIONALE 532;Alixan;44.999;5.001;R;Gazole;1;2026-05-01 00:30:00;2.188
26300005;ROUTE NATIONALE 532;Alixan;44.999;5.001;R;E85;3;2026-05-01 00:30:00;1.012
26300005;ROUTE NATIONALE 532;Alixan;44.999;5.001;R;E10;5;2026-05-01 00:30:00;1.99
26300005;ROUTE NATIONALE 532;Alixan;44.999;5.001;R;SP98;6;2026-05-01 00:30:00;2.066
26730005;Autoroute A49 - Aire Royans VercorsSens Valence - Grenoble;LA BAUME D'HOSTUN;45.072;5.211;A;Gazole;1;2026-05-01 00:30:00;2.467
26730005;Autoroute A49 - Aire Royans VercorsSens Valence - Grenoble;LA BAUME D'HOSTUN;45.072;5.211;A;GPLc;4;2026-05-01 00:30:00;1.149
26730005;Autoroute A49 - Aire Royans VercorsSens Valence - Grenoble;LA BAUME D'HOSTUN;45.072;5.211;A;E10;5;2026-05-01 00:30:00;2.191
26730005;Autoroute A49 - Aire Royans VercorsSens Valence - Grenoble;LA BAUME D'HOSTUN;45.072;5.211;A;SP98;6;2026-05-01 00:30:00;2.291
26730006;Autoroute A49 - Aire Porte de la DromeSens Grenoble - Valence;LA BAUME D'HOSTUN;45.076;5.211;A;Gazole;1;2026-05-01 00:30:00;2.416
26730006;Autoroute A49 - Aire Porte de la DromeSens Grenoble - Valence;LA BAUME D'HOSTUN;45.076;5.211;A;E85;3;2026-05-01 00:30:00;0.999
26730006;Autoroute A49 - Aire Porte de la DromeSens Grenoble - Valence;LA BAUME D'HOSTUN;45.076;5.211;A;E10;5;2026-05-01 00:30:00;2.191
26730006;Autoroute A49 - Aire Porte de la DromeSens Grenoble - Valence;LA BAUME D'HOSTUN;45.076;5.211;A;SP98;6;2026-05-01 00:30:00;2.291
30126008;AIRE DE TAVEL SUD;Tavel;43.99899198079999;4.6990798723954;A;Gazole;1;2026-05-01 00:01:00;2.544
30126008;AIRE DE TAVEL SUD;Tavel;43.99899198079999;4.6990798723954;A;GPLc;4;2026-05-01 00:01:00;1.144
30126008;AIRE DE TAVEL SUD;Tavel;43.99899198079999;4.6990798723954;A;E10;5;2026-05-01 00:01:00;2.294
30126008;AIRE DE TAVEL SUD;Tavel;43.99899198079999;4.6990798723954;A;SP98;6;2026-05-01 00:01:00;2.394
31200009;AVENUE DES ETATS-UNIS;TOULOUSE;43.654;1.424;R;Gazole;1;2026-05-01 00:01:00;2.09
31200008;168 Avenue des États-Unis;Toulouse;43.64;1.429;R;Gazole;1;2026-05-01 00:30:00;2.212
31200008;168 Avenue des États-Unis;Toulouse;43.64;1.429;R;E10;5;2026-05-01 00:30:00;1.994
31200008;168 Avenue des États-Unis;Toulouse;43.64;1.429;R;SP98;6;2026-05-01 00:30:00;2.074
31770004;2 Avenue Edouard Serres;Colomiers;43.61;1.353;R;Gazole;1;2026-05-01 00:30:00;2.21
31770004;2 Avenue Edouard Serres;Colomiers;43.61;1.353;R;E85;3;2026-05-01 00:30:00;1.02
31770004;2 Avenue Edouard Serres;Colomiers;43.61;1.353;R;E10;5;2026-05-01 00:30:00;2.013
31770004;2 Avenue Edouard Serres;Colomiers;43.61;1.353;R;SP98;6;2026-05-01 00:30:00;2.093
33520003;A630 ROC.PRESQU'ILE LAC COTE1;Bruges;44.888;-0.581;A;Gazole;1;2026-05-01 00:30:00;2.289
33520003;A630 ROC.PRESQU'ILE LAC COTE1;Bruges;44.888;-0.581;A;GPLc;4;2026-05-01 00:30:00;1.039
33520003;A630 ROC.PRESQU'ILE LAC COTE1;Bruges;44.888;-0.581;A;E10;5;2026-05-01 00:30:00;2.05
33520003;A630 ROC.PRESQU'ILE LAC COTE1;Bruges;44.888;-0.581;A;SP98;6;2026-05-01 00:30:00;2.15
34550001;MONTS RAMUS C.D. 13;Bessan;43.38;3.42;R;Gazole;1;2026-05-01 00:30:00;2.238
34550001;MONTS RAMUS C.D. 13;Bessan;43.38;3.42;R;E10;5;2026-05-01 00:30:00;2.008
34550001;MONTS RAMUS C.D. 13;Bessan;43.38;3.42;R;SP98;6;2026-05-01 00:30:00;2.198
34740002;ROUTE D'ALES;Vendargues;43.656;3.962;R;Gazole;1;2026-05-01 00:30:00;2.204
34740002;ROUTE D'ALES;Vendargues;43.656;3.962;R;E10;5;2026-05-01 00:30:00;1.999
34740002;ROUTE D'ALES;Vendargues;43.656;3.962;R;SP98;6;2026-05-01 00:30:00;2.061
38320002;128 Avenue Jean Jaurès;Eybens;45.15;5.75;R;Gazole;1;2026-05-01 00:30:00;2.162
38320002;128 Avenue Jean Jaurès;Eybens;45.15;5.75;R;E85;3;2026-05-01 00:30:00;1.008
38320002;128 Avenue Jean Jaurès;Eybens;45.15;5.75;R;E10;5;2026-05-01 00:30:00;2.021
38320002;128 Avenue Jean Jaurès;Eybens;45.15;5.75;R;SP98;6;2026-05-01 00:30:00;2.123
38430002;8 Route de Grenoble;Moirans;45.327;5.576;R;Gazole;1;2026-05-01 00:30:00;2.179
38430002;8 Route de Grenoble;Moirans;45.327;5.576;R;E10;5;2026-05-01 00:30:00;1.999
38430002;8 Route de Grenoble;Moirans;45.327;5.576;R;SP98;6;2026-05-01 00:30:00;2.079
38480007;Autouroute A43 Sens Chambéry - Lyon;ROMAGNIEU;45.578;5.634;A;Gazole;1;2026-05-01 00:30:00;2.412
38480007;Autouroute A43 Sens Chambéry - Lyon;ROMAGNIEU;45.578;5.634;A;GPLc;4;2026-05-01 00:30:00;1.149
38480007;Autouroute A43 Sens Chambéry - Lyon;ROMAGNIEU;45.578;5.634;A;E10;5;2026-05-01 00:30:00;2.194
38480007;Autouroute A43 Sens Chambéry - Lyon;ROMAGNIEU;45.578;5.634;A;SP98;6;2026-05-01 00:30:00;2.294
39140006;AIRE DU JURA;Arlay;46.776;5.523;A;Gazole;1;2026-05-01 00:01:00;2.549
39140006;AIRE DU JURA;Arlay;46.776;5.523;A;GPLc;4;2026-05-01 00:01:00;1.149
39140006;AIRE DU JURA;Arlay;46.776;5.523;A;E10;5;2026-05-01 00:01:00;2.299
39140006;AIRE DU JURA;Arlay;46.776;5.523;A;SP98;6;2026-05-01 00:01:00;2.399
50110002;ZI PORTUAIRE DES MIELLES;Tourlaville;49.645;-1.599;R;Gazole;1;2026-05-01 00:30:00;2.219
50110002;ZI PORTUAIRE DES MIELLES;Tourlaville;49.645;-1.599;R;E10;5;2026-05-01 00:30:00;1.999
50110002;ZI PORTUAIRE DES MIELLES;Tourlaville;49.645;-1.599;R;SP98;6;2026-05-01 00:30:00;2.027
51510001;Rte De Troyes, Rn 77;Fagnières;48.941847431102005;4.341183424164;R;Gazole;1;2026-05-01 00:30:00;2.224
51510001;Rte De Troyes, Rn 77;Fagnières;48.941847431102005;4.341183424164;R;E85;3;2026-05-01 00:30:00;0.906
51510001;Rte De Troyes, Rn 77;Fagnières;48.941847431102005;4.341183424164;R;E10;5;2026-05-01 00:30:00;1.99
51510001;Rte De Troyes, Rn 77;Fagnières;48.941847431102005;4.341183424164;R;SP98;6;2026-05-01 00:30:00;2.07
54500004;22 Avenue Jeanne d'Arc;Vandoeuvre-lès-Nancy;48.66;6.183;R;Gazole;1;2026-05-01 00:30:00;2.224
54500004;22 Avenue Jeanne d'Arc;Vandoeuvre-lès-Nancy;48.66;6.183;R;E85;3;2026-05-01 00:30:00;0.95
54500004;22 Avenue Jeanne d'Arc;Vandoeuvre-lès-Nancy;48.66;6.183;R;E10;5;2026-05-01 00:30:00;1.99
54500004;22 Avenue Jeanne d'Arc;Vandoeuvre-lès-Nancy;48.66;6.183;R;SP98;6;2026-05-01 00:30:00;2.079
54630001;AUTOROUTE A 330;Richardménil;48.607;6.174;A;Gazole;1;2026-05-01 00:30:00;2.277
54630001;AUTOROUTE A 330;Richardménil;48.607;6.174;A;GPLc;4;2026-05-01 00:30:00;0.985
54630001;AUTOROUTE A 330;Richardménil;48.607;6.174;A;E10;5;2026-05-01 00:30:00;2.056
54630001;AUTOROUTE A 330;Richardménil;48.607;6.174;A;SP98;6;2026-05-01 00:30:00;2.156
57170002;29 RUE DE METZ;Château-Salins;48.824;6.507;R;Gazole;1;2026-05-01 00:30:00;2.194
57170002;29 RUE DE METZ;Château-Salins;48.824;6.507;R;E10;5;2026-05-01 00:30:00;1.998
57170002;29 RUE DE METZ;Château-Salins;48.824;6.507;R;SP98;6;2026-05-01 00:30:00;2.109
57370001;1 RUE DE SARREBOURG;Phalsbourg;48.768;7.248;R;Gazole;1;2026-05-01 00:30:00;2.172
57370001;1 RUE DE SARREBOURG;Phalsbourg;48.768;7.248;R;E10;5;2026-05-01 00:30:00;1.988
57370001;1 RUE DE SARREBOURG;Phalsbourg;48.768;7.248;R;SP98;6;2026-05-01 00:30:00;2.068
59270001;601 Route de Méteren;Bailleul;50.739;2.726;R;Gazole;1;2026-05-01 00:30:00;2.159
59270001;601 Route de Méteren;Bailleul;50.739;2.726;R;E10;5;2026-05-01 00:30:00;1.993
59270001;601 Route de Méteren;Bailleul;50.739;2.726;R;SP98;6;2026-05-01 00:30:00;2.057
59530001;2 PLACE DE LA GARE;Le Quesnoy;50.25;3.645;R;Gazole;1;2026-05-01 00:30:00;2.177
59530001;2 PLACE DE LA GARE;Le Quesnoy;50.25;3.645;R;E10;5;2026-05-01 00:30:00;1.971
59530001;2 PLACE DE LA GARE;Le Quesnoy;50.25;3.645;R;SP98;6;2026-05-01 00:30:00;2.063
59430002;18 Rue de la République;Saint-Pol-sur-Mer;51.029;2.359;R;Gazole;1;2026-05-01 00:30:00;2.205
59430002;18 Rue de la République;Saint-Pol-sur-Mer;51.029;2.359;R;E85;3;2026-05-01 00:30:00;0.934
59430002;18 Rue de la République;Saint-Pol-sur-Mer;51.029;2.359;R;E10;5;2026-05-01 00:30:00;1.992
59430002;18 Rue de la République;Saint-Pol-sur-Mer;51.029;2.359;R;SP98;6;2026-05-01 00:30:00;2.072
62120014;Aire de Rely - Autoroute A26 - Sens Calais - Reims;Rely;50.573;2.377;A;Gazole;1;2026-05-01 00:30:00;2.294
62120014;Aire de Rely - Autoroute A26 - Sens Calais - Reims;Rely;50.573;2.377;A;GPLc;4;2026-05-01 00:30:00;1.06
62120014;Aire de Rely - Autoroute A26 - Sens Calais - Reims;Rely;50.573;2.377;A;E10;5;2026-05-01 00:30:00;2.088
62120014;Aire de Rely - Autoroute A26 - Sens Calais - Reims;Rely;50.573;2.377;A;SP98;6;2026-05-01 00:30:00;2.188
62160003;22 Rue François Beaucamp;Grenay;50.448;2.738;R;Gazole;1;2026-05-01 00:30:00;2.198
62160003;22 Rue François Beaucamp;Grenay;50.448;2.738;R;E10;5;2026-05-01 00:30:00;1.988
62160003;22 Rue François Beaucamp;Grenay;50.448;2.738;R;SP98;6;2026-05-01 00:30:00;2.108
62740001;CD 46;Fouquières-lès-Lens;50.424;2.918;R;Gazole;1;2026-05-01 00:30:00;2.204
62740001;CD 46;Fouquières-lès-Lens;50.424;2.918;R;E85;3;2026-05-01 00:30:00;0.909
62740001;CD 46;Fouquières-lès-Lens;50.424;2.918;R;E10;5;2026-05-01 00:30:00;1.989
62740001;CD 46;Fouquières-lès-Lens;50.424;2.918;R;SP98;6;2026-05-01 00:30:00;2.069
63000009;153 BD GUSTAVE FLAUBERT;Clermont-Ferrand;45.764;3.127;R;Gazole;1;2026-05-01 00:30:00;2.163
63000009;153 BD GUSTAVE FLAUBERT;Clermont-Ferrand;45.764;3.127;R;E10;5;2026-05-01 00:30:00;2.055
63000009;153 BD GUSTAVE FLAUBERT;Clermont-Ferrand;45.764;3.127;R;SP98;6;2026-05-01 00:30:00;2.137
66380001;KM 6 ROUTE NATIONALE 9;Pia;42.749;2.895;R;Gazole;1;2026-05-01 00:30:00;2.25
66380001;KM 6 ROUTE NATIONALE 9;Pia;42.749;2.895;R;E10;5;2026-05-01 00:30:00;1.99
66380001;KM 6 ROUTE NATIONALE 9;Pia;42.749;2.895;R;SP98;6;2026-05-01 00:30:00;2.07
69310003;145 Boulevard de l'Europe;Pierre-Bénite;45.696;4.826;R;Gazole;1;2026-05-01 00:30:00;2.219
69310003;145 Boulevard de l'Europe;Pierre-Bénite;45.696;4.826;R;E10;5;2026-05-01 00:30:00;2.049
69310003;145 Boulevard de l'Europe;Pierre-Bénite;45.696;4.826;R;SP98;6;2026-05-01 00:30:00;2.129
69340002;42 Avenue du Chater;Francheville;45.744;4.771;R;Gazole;1;2026-05-01 00:30:00;2.214
69340002;42 Avenue du Chater;Francheville;45.744;4.771;R;E10;5;2026-05-01 00:30:00;2.022
69340002;42 Avenue du Chater;Francheville;45.744;4.771;R;SP98;6;2026-05-01 00:30:00;2.167
69400006;145 Boulevard Roger Salengro;Villefranche-sur-Saône;45.998;4.716;R;Gazole;1;2026-05-01 00:30:00;2.21
69400006;145 Boulevard Roger Salengro;Villefranche-sur-Saône;45.998;4.716;R;E10;5;2026-05-01 00:30:00;1.994
69400006;145 Boulevard Roger Salengro;Villefranche-sur-Saône;45.998;4.716;R;SP98;6;2026-05-01 00:30:00;2.074
73000007;204 Avenue du Grand Verger;Chambéry;45.58;5.909;R;Gazole;1;2026-05-01 00:30:00;2.224
73000007;204 Avenue du Grand Verger;Chambéry;45.58;5.909;R;E10;5;2026-05-01 00:30:00;2.003
73000007;204 Avenue du Grand Verger;Chambéry;45.58;5.909;R;SP98;6;2026-05-01 00:30:00;2.081
73390008;AIRE DE VAL GELONAUTOROUTE A43;CHATEAUNEUF;45.547;6.156;A;Gazole;1;2026-05-01 00:00:00;2.569
73390008;AIRE DE VAL GELONAUTOROUTE A43;CHATEAUNEUF;45.547;6.156;A;E10;5;2026-05-01 00:00:00;2.299
73390008;AIRE DE VAL GELONAUTOROUTE A43;CHATEAUNEUF;45.547;6.156;A;SP98;6;2026-05-01 00:00:00;2.399
74300003;1 Avenue du Mont-Blanc;Cluses;46.059;6.574;R;Gazole;1;2026-05-01 00:30:00;2.236
74300003;1 Avenue du Mont-Blanc;Cluses;46.059;6.574;R;E85;3;2026-05-01 00:30:00;0.984
74300003;1 Avenue du Mont-Blanc;Cluses;46.059;6.574;R;E10;5;2026-05-01 00:30:00;1.99
74300003;1 Avenue du Mont-Blanc;Cluses;46.059;6.574;R;SP98;6;2026-05-01 00:30:00;2.091
76150002;AUTOROUTE A 15;Saint-Jean-du-Cardonnay;49.495;0.998;A;Gazole;1;2026-05-01 00:30:00;2.268
76150002;AUTOROUTE A 15;Saint-Jean-du-Cardonnay;49.495;0.998;A;E85;3;2026-05-01 00:30:00;0.907
76150002;AUTOROUTE A 15;Saint-Jean-du-Cardonnay;49.495;0.998;A;E10;5;2026-05-01 00:30:00;2.081
76150002;AUTOROUTE A 15;Saint-Jean-du-Cardonnay;49.495;0.998;A;SP98;6;2026-05-01 00:30:00;2.181
76530002;RN 138 LES ESSARTS;Grand-Couronne;49.354;1.03;R;Gazole;1;2026-05-01 00:30:00;2.21
76530002;RN 138 LES ESSARTS;Grand-Couronne;49.354;1.03;R;E85;3;2026-05-01 00:30:00;0.924
76530002;RN 138 LES ESSARTS;Grand-Couronne;49.354;1.03;R;E10;5;2026-05-01 00:30:00;1.963
76530002;RN 138 LES ESSARTS;Grand-Couronne;49.354;1.03;R;SP98;6;2026-05-01 00:30:00;2.045
76800002;BD LENINE;Saint-Étienne-du-Rouvray;49.395;1.112;R;Gazole;1;2026-05-01 00:30:00;2.21
76800002;BD LENINE;Saint-Étienne-du-Rouvray;49.395;1.112;R;E10;5;2026-05-01 00:30:00;1.962
76800002;BD LENINE;Saint-Étienne-du-Rouvray;49.395;1.112;R;SP98;6;2026-05-01 00:30:00;2.042
78000005;50 Rue du Pont Colbert;Versailles;48.788;2.15;R;Gazole;1;2026-05-01 00:30:00;2.25
78000005;50 Rue du Pont Colbert;Versailles;48.788;2.15;R;E85;3;2026-05-01 00:30:00;0.936
78000005;50 Rue du Pont Colbert;Versailles;48.788;2.15;R;E10;5;2026-05-01 00:30:00;1.99
78000005;50 Rue du Pont Colbert;Versailles;48.788;2.15;R;SP98;6;2026-05-01 00:30:00;2.07
78180011;11 avenue des Près;Montigny le Bretonneux;48.777;2.018;R;Gazole;1;2026-05-01 00:30:00;2.226
78180011;11 avenue des Près;Montigny le Bretonneux;48.777;2.018;R;E10;5;2026-05-01 00:30:00;1.99
78180011;11 avenue des Près;Montigny le Bretonneux;48.777;2.018;R;SP98;6;2026-05-01 00:30:00;2.044
80000007;BOULEVARD DE ROUBAIX;Amiens;49.908;2.318;R;Gazole;1;2026-05-01 00:30:00;2.168
80000007;BOULEVARD DE ROUBAIX;Amiens;49.908;2.318;R;E85;3;2026-05-01 00:30:00;0.898
80000007;BOULEVARD DE ROUBAIX;Amiens;49.908;2.318;R;E10;5;2026-05-01 00:30:00;1.988
80000007;BOULEVARD DE ROUBAIX;Amiens;49.908;2.318;R;SP98;6;2026-05-01 00:30:00;2.079
82170002;190 ROUTE DE TOULOUSE;POMPIGNAN;43.813;1.316;R;Gazole;1;2026-05-01 00:01:00;2.09
83160004;AUTOROUTE A 57;LA VALETTE-DU-VAR;43.143;6.011;A;Gazole;1;2026-05-01 00:30:00;2.311
83160004;AUTOROUTE A 57;LA VALETTE-DU-VAR;43.143;6.011;A;GPLc;4;2026-05-01 00:30:00;1.209
83160004;AUTOROUTE A 57;LA VALETTE-DU-VAR;43.143;6.011;A;E10;5;2026-05-01 00:30:00;2.09
83160004;AUTOROUTE A 57;LA VALETTE-DU-VAR;43.143;6.011;A;SP98;6;2026-05-01 00:30:00;2.19
84700002;ROUTE NATIONALE 7;Sorgues;44.026;4.873;R;Gazole;1;2026-05-01 00:30:00;2.194
84700002;ROUTE NATIONALE 7;Sorgues;44.026;4.873;R;E10;5;2026-05-01 00:30:00;1.999
84700002;ROUTE NATIONALE 7;Sorgues;44.026;4.873;R;SP98;6;2026-05-01 00:30:00;2.079
89000007;Boulevard Gallieni;Auxerre;47.799;3.553;R;Gazole;1;2026-05-01 00:30:00;2.224
89000007;Boulevard Gallieni;Auxerre;47.799;3.553;R;E10;5;2026-05-01 00:30:00;1.99
89000007;Boulevard Gallieni;Auxerre;47.799;3.553;R;SP98;6;2026-05-01 00:30:00;2.07
89150002;AUTOROUTE A 19;Fouchères;48.166;3.172;A;Gazole;1;2026-05-01 00:30:00;2.346
89150002;AUTOROUTE A 19;Fouchères;48.166;3.172;A;GPLc;4;2026-05-01 00:30:00;1.089
89150002;AUTOROUTE A 19;Fouchères;48.166;3.172;A;E10;5;2026-05-01 00:30:00;2.132
89150002;AUTOROUTE A 19;Fouchères;48.166;3.172;A;SP98;6;2026-05-01 00:30:00;2.232
80200005;AUTOROUTE A 1;Péronne;49.887;2.837;A;Gazole;1;2026-05-01 00:30:00;2.298
80200005;AUTOROUTE A 1;Péronne;49.887;2.837;A;GPLc;4;2026-05-01 00:30:00;1.128
80200005;AUTOROUTE A 1;Péronne;49.887;2.837;A;E10;5;2026-05-01 00:30:00;2.108
80200005;AUTOROUTE A 1;Péronne;49.887;2.837;A;SP98;6;2026-05-01 00:30:00;2.208
73400005;27 AVENUE JEAN MARIE MEUNIER;UGINE;45.741690578647;6.423069616396799;R;Gazole;1;2026-05-01 00:01:00;2.229
73400005;27 AVENUE JEAN MARIE MEUNIER;UGINE;45.741690578647;6.423069616396799;R;E10;5;2026-05-01 00:01:00;2.109
73400005;27 AVENUE JEAN MARIE MEUNIER;UGINE;45.741690578647;6.423069616396799;R;SP98;6;2026-05-01 00:01:00;2.169
26790006;87, Route De Bouchet;Suze La Rousse;44.29;4.852;R;Gazole;1;2026-05-01 00:01:00;2.09
83170011;AUTOROUTE A8;BRIGNOLES;43.423740853226;5.9929507895994;A;Gazole;1;2026-05-01 00:01:00;2.529
83170011;AUTOROUTE A8;BRIGNOLES;43.423740853226;5.9929507895994;A;GPLc;4;2026-05-01 00:01:00;1.149
83170011;AUTOROUTE A8;BRIGNOLES;43.423740853226;5.9929507895994;A;E10;5;2026-05-01 00:01:00;2.299
83170011;AUTOROUTE A8;BRIGNOLES;43.423740853226;5.9929507895994;A;SP98;6;2026-05-01 00:01:00;2.399
6320003;AUTOROUTE A8 / ESSO - BP 102 (4391808);La Turbie;43.755;7.398;A;Gazole;1;2026-05-01 00:30:00;2.314
6320003;AUTOROUTE A8 / ESSO - BP 102 (4391808);La Turbie;43.755;7.398;A;GPLc;4;2026-05-01 00:30:00;1.079
6320003;AUTOROUTE A8 / ESSO - BP 102 (4391808);La Turbie;43.755;7.398;A;E10;5;2026-05-01 00:30:00;2.12
6320003;AUTOROUTE A8 / ESSO - BP 102 (4391808);La Turbie;43.755;7.398;A;SP98;6;2026-05-01 00:30:00;2.215
78400004;133 AV DU MARECHAL FOCH;CHATOU;48.892;2.144;R;Gazole;1;2026-05-01 00:02:00;2.09
26450003;690, Avenue Resistance de la Déportation;Cleon D'Andran;44.611153997653;4.9367917471658;R;Gazole;1;2026-05-01 00:01:00;2.09
57800002;RN 3;Betting;49.139;6.799;R;Gazole;1;2026-05-01 00:30:00;2.208
57800002;RN 3;Betting;49.139;6.799;R;E85;3;2026-05-01 00:30:00;0.96
57800002;RN 3;Betting;49.139;6.799;R;E10;5;2026-05-01 00:30:00;2.008
57800002;RN 3;Betting;49.139;6.799;R;SP98;6;2026-05-01 00:30:00;2.078
83440002;QUARTIER DE LA GARE RD.19;Fayence;43.622;6.691;R;Gazole;1;2026-05-01 00:00:00;2.09
55500002;27 RUE DES ETATS UNIS;Ligny-en-Barrois;48.68769;5.32119;R;Gazole;1;2026-05-01 00:04:28;2.09
26740006;1075, Route de Crest;La Laupie;44.608315546374;4.8605173992222;R;Gazole;1;2026-05-01 00:01:00;2.09
88200015;ROUTE NATIONALE 57 - AIRE DE LA CROIX SAINT JACQUES;ST NABORD;48.04948393;6.58206806;R;Gazole;1;2026-05-01 00:02:00;2.09
88200015;ROUTE NATIONALE 57 - AIRE DE LA CROIX SAINT JACQUES;ST NABORD;48.04948393;6.58206806;R;E10;5;2026-05-01 00:02:00;1.99
43170001;route du Puy;Saugues;44.95871;3.54987;R;Gazole;1;2026-05-01 00:38:24;2.09
28500008;RN 12 COTE NORD;Vert-en-Drouais;48.76;1.24;R;Gazole;1;2026-05-01 00:02:00;2.09
57140003;AUTOROUTE A31;Woippy;49.181;6.178;A;Gazole;1;2026-05-01 00:30:00;2.289
57140003;AUTOROUTE A31;Woippy;49.181;6.178;A;GPLc;4;2026-05-01 00:30:00;0.963
57140003;AUTOROUTE A31;Woippy;49.181;6.178;A;E10;5;2026-05-01 00:30:00;2.1
57140003;AUTOROUTE A31;Woippy;49.181;6.178;A;SP98;6;2026-05-01 00:30:00;2.195
73420005;AUTOROUTE A41N - AIRE DE DRUMETTAZ;Mouxy;45.67291;5.92696;A;Gazole;1;2026-05-01 00:05:00;2.09
53400002;68 ROUTE DE NANTES;CRAON;47.843;-0.969;R;Gazole;1;2026-05-01 00:01:00;2.09
79025002;580, avenue de Paris;Niort;46.336669152692;-0.41352274430541003;R;Gazole;1;2026-05-01 00:00:00;2.189
79025002;580, avenue de Paris;Niort;46.336669152692;-0.41352274430541003;R;SP95;2;2026-05-01 00:00:00;2.099
79025002;580, avenue de Paris;Niort;46.336669152692;-0.41352274430541003;R;E10;5;2026-05-01 00:00:00;2.059
79025002;580, avenue de Paris;Niort;46.336669152692;-0.41352274430541003;R;SP98;6;2026-05-01 00:00:00;2.139
67850002;2b rue du collège;Herrlisheim;48.731;7.9;R;Gazole;1;2026-05-01 00:32:00;2.259
67850002;2b rue du collège;Herrlisheim;48.731;7.9;R;E10;5;2026-05-01 00:32:00;2.119
67850002;2b rue du collège;Herrlisheim;48.731;7.9;R;SP98;6;2026-05-01 00:32:00;2.199
27310009;A13 - AIRE DE BOSGOUET NORD;Bosgouet;49.36118;0.8644569999999999;A;Gazole;1;2026-05-01 00:01:00;2.09
27310009;A13 - AIRE DE BOSGOUET NORD;Bosgouet;49.36118;0.8644569999999999;A;E10;5;2026-05-01 00:01:00;1.99
27310009;A13 - AIRE DE BOSGOUET NORD;Bosgouet;49.36118;0.8644569999999999;A;SP98;6;2026-05-01 00:01:00;1.99
35470004;ROUTE NATIONALE 137;Bain-de-Bretagne;47.801;-1.69;R;Gazole;1;2026-05-01 00:01:00;2.09
35470004;ROUTE NATIONALE 137;Bain-de-Bretagne;47.801;-1.69;R;E10;5;2026-05-01 00:01:00;1.99
35470004;ROUTE NATIONALE 137;Bain-de-Bretagne;47.801;-1.69;R;SP98;6;2026-05-01 00:01:00;1.99
73000009;345 Quai du 11 Novembre;CHAMBERY;45.56727366449999;5.9350464324;R;Gazole;1;2026-05-01 00:01:00;2.249
73000009;345 Quai du 11 Novembre;CHAMBERY;45.56727366449999;5.9350464324;R;E10;5;2026-05-01 00:01:00;2.089
73000009;345 Quai du 11 Novembre;CHAMBERY;45.56727366449999;5.9350464324;R;SP98;6;2026-05-01 00:01:00;2.159
62120017;km55, A26;Saint-Hilaire-Cottes;50.57291837014;2.3802908317047;A;Gazole;1;2026-05-01 00:30:00;2.289
62120017;km55, A26;Saint-Hilaire-Cottes;50.57291837014;2.3802908317047;A;E10;5;2026-05-01 00:30:00;2.09
62120017;km55, A26;Saint-Hilaire-Cottes;50.57291837014;2.3802908317047;A;SP98;6;2026-05-01 00:30:00;2.175
62620001;3 Rue d'Haillicourt;BARLIN;50.454;2.616;R;Gazole;1;2026-05-01 00:01:00;2.09
40230001;RN 10;Saint-Vincent-de-Tyrosse;43.666989042;-1.2853196366242001;R;Gazole;1;2026-05-01 00:00:00;2.162
40230001;RN 10;Saint-Vincent-de-Tyrosse;43.666989042;-1.2853196366242001;R;E10;5;2026-05-01 00:00:00;1.999
44340005;ROCADE SUD;BOUGUENAIS;47.167;-1.575;R;Gazole;1;2026-05-01 00:00:00;2.09
57450003;63 avenue Saint Jean;Farébersviller;49.11;6.856;R;Gazole;1;2026-05-01 00:23:00;2.229
57450003;63 avenue Saint Jean;Farébersviller;49.11;6.856;R;SP95;2;2026-05-01 00:23:00;2.149
57450003;63 avenue Saint Jean;Farébersviller;49.11;6.856;R;E10;5;2026-05-01 00:23:00;2.099
57450003;63 avenue Saint Jean;Farébersviller;49.11;6.856;R;SP98;6;2026-05-01 00:23:00;2.179
73230001;319 Avenue de Chambéry;SAINT-ALBAN-LEYSSE;45.574;5.953;R;Gazole;1;2026-05-01 00:01:00;2.249
73230001;319 Avenue de Chambéry;SAINT-ALBAN-LEYSSE;45.574;5.953;R;SP95;2;2026-05-01 00:01:00;2.109
73230001;319 Avenue de Chambéry;SAINT-ALBAN-LEYSSE;45.574;5.953;R;SP98;6;2026-05-01 00:01:00;2.159
70200006;16 Rue de Belfort;LURE;47.675;6.521;R;Gazole;1;2026-05-01 00:01:00;2.09
71260005;RD 906;Fleurville;46.445;4.885;R;Gazole;1;2026-05-01 00:01:00;2.09
71260005;RD 906;Fleurville;46.445;4.885;R;E85;3;2026-05-01 00:01:00;0.879
71260005;RD 906;Fleurville;46.445;4.885;R;E10;5;2026-05-01 00:01:00;1.99
71260005;RD 906;Fleurville;46.445;4.885;R;SP98;6;2026-05-01 00:01:00;1.99
89920001;Aire de Venoy Soleil Levant A6;Champs-sur-Yonne;47.79;3.673;A;Gazole;1;2026-05-01 00:30:00;2.249
89920001;Aire de Venoy Soleil Levant A6;Champs-sur-Yonne;47.79;3.673;A;E85;3;2026-05-01 00:30:00;0.927
89920001;Aire de Venoy Soleil Levant A6;Champs-sur-Yonne;47.79;3.673;A;GPLc;4;2026-05-01 00:30:00;1.089
89920001;Aire de Venoy Soleil Levant A6;Champs-sur-Yonne;47.79;3.673;A;E10;5;2026-05-01 00:30:00;2.07
89920001;Aire de Venoy Soleil Levant A6;Champs-sur-Yonne;47.79;3.673;A;SP98;6;2026-05-01 00:30:00;2.165
58200009;103 rue du Maréchal Leclerc;Cosne-Cours-sur-Loire;47.412;2.927;R;Gazole;1;2026-05-01 00:01:00;2.09
66000021;AVENUE ANDRE TOURNE;PERPIGNAN;42.666794065493;2.8953289633491;R;Gazole;1;2026-05-01 00:01:00;2.09
38260002;510 Route de Grenoble;LA FRETTE;45.387;5.369;R;Gazole;1;2026-05-01 00:02:00;2.09
62137001;2246 route de St Omer;Coulogne;50.928;1.901;R;Gazole;1;2026-05-01 00:01:00;2.09
62137001;2246 route de St Omer;Coulogne;50.928;1.901;R;E10;5;2026-05-01 00:01:00;1.99
21000029;2 boulevard des diables bleus;DIJON;47.302;5.024;R;Gazole;1;2026-05-01 00:01:00;2.09
38300004;45 AV ALSACE LORRAINE;Bourgoin-Jallieu;45.586;5.264;R;Gazole;1;2026-05-01 00:30:00;2.199
38300004;45 AV ALSACE LORRAINE;Bourgoin-Jallieu;45.586;5.264;R;E10;5;2026-05-01 00:30:00;2.059
38300004;45 AV ALSACE LORRAINE;Bourgoin-Jallieu;45.586;5.264;R;SP98;6;2026-05-01 00:30:00;2.139
69150001;328 Avenue Jean Jaurès;Décines-Charpieu;45.772;4.97;R;Gazole;1;2026-05-01 00:30:00;2.21
69150001;328 Avenue Jean Jaurès;Décines-Charpieu;45.772;4.97;R;E85;3;2026-05-01 00:30:00;1.003
69150001;328 Avenue Jean Jaurès;Décines-Charpieu;45.772;4.97;R;E10;5;2026-05-01 00:30:00;2.003
69150001;328 Avenue Jean Jaurès;Décines-Charpieu;45.772;4.97;R;SP98;6;2026-05-01 00:30:00;2.083
86100013;AIRE DE CHATELLERAULT-ANTRAN;Antran;46.906;0.524;A;Gazole;1;2026-05-01 00:30:00;2.28
86100013;AIRE DE CHATELLERAULT-ANTRAN;Antran;46.906;0.524;A;GPLc;4;2026-05-01 00:30:00;1.139
86100013;AIRE DE CHATELLERAULT-ANTRAN;Antran;46.906;0.524;A;E10;5;2026-05-01 00:30:00;2.097
86100013;AIRE DE CHATELLERAULT-ANTRAN;Antran;46.906;0.524;A;SP98;6;2026-05-01 00:30:00;2.197
29830002;KERUSCAT;PLOUDALMéZEAU;48.54;-4.66;R;Gazole;1;2026-05-01 00:00:00;2.149
29830002;KERUSCAT;PLOUDALMéZEAU;48.54;-4.66;R;SP98;6;2026-05-01 00:00:00;2.049
69330003;49 Avenue de Verdun;Meyzieu;45.776;4.991;R;Gazole;1;2026-05-01 00:30:00;2.203
69330003;49 Avenue de Verdun;Meyzieu;45.776;4.991;R;E10;5;2026-05-01 00:30:00;1.998
69330003;49 Avenue de Verdun;Meyzieu;45.776;4.991;R;SP98;6;2026-05-01 00:30:00;2.078
11500002;STATION PIERRE LYS;Quillan;42.878;2.183;R;Gazole;1;2026-05-01 00:01:00;2.09
6250009;AUTOROUTE A8 - AIRE DE LA CÔTE D'AZUR;MOUGINS;43.584;7.025;A;Gazole;1;2026-05-01 00:02:00;2.09
13500005;RN 568;Martigues;43.413;5.017;R;Gazole;1;2026-05-01 00:30:00;2.199
13500005;RN 568;Martigues;43.413;5.017;R;E10;5;2026-05-01 00:30:00;1.999
13500005;RN 568;Martigues;43.413;5.017;R;SP98;6;2026-05-01 00:30:00;2.079
27460003;RN 15;Igoville;49.32;1.156;R;Gazole;1;2026-05-01 00:30:00;2.208
27460003;RN 15;Igoville;49.32;1.156;R;E10;5;2026-05-01 00:30:00;2.058
27460003;RN 15;Igoville;49.32;1.156;R;SP98;6;2026-05-01 00:30:00;2.138
84310004;Autoroute A7 (Sens Lyon - Marseille);Morières-lès-Avignon;43.925;4.913;A;Gazole;1;2026-05-01 00:30:00;2.407
84310004;Autoroute A7 (Sens Lyon - Marseille);Morières-lès-Avignon;43.925;4.913;A;GPLc;4;2026-05-01 00:30:00;1.129
84310004;Autoroute A7 (Sens Lyon - Marseille);Morières-lès-Avignon;43.925;4.913;A;E10;5;2026-05-01 00:30:00;2.181
84310004;Autoroute A7 (Sens Lyon - Marseille);Morières-lès-Avignon;43.925;4.913;A;SP98;6;2026-05-01 00:30:00;2.281
93150007;2 AV DU 8 MAI 1945;Le Blanc-Mesnil;48.948;2.438;R;Gazole;1;2026-05-01 00:30:00;2.234
93150007;2 AV DU 8 MAI 1945;Le Blanc-Mesnil;48.948;2.438;R;E85;3;2026-05-01 00:30:00;0.945
93150007;2 AV DU 8 MAI 1945;Le Blanc-Mesnil;48.948;2.438;R;E10;5;2026-05-01 00:30:00;1.99
93150007;2 AV DU 8 MAI 1945;Le Blanc-Mesnil;48.948;2.438;R;SP98;6;2026-05-01 00:30:00;2.052
62120006;ROUTE DE LAMBRES;Aire-sur-la-Lys;50.629;2.39;R;Gazole;1;2026-05-01 00:30:00;2.159
62120006;ROUTE DE LAMBRES;Aire-sur-la-Lys;50.629;2.39;R;E85;3;2026-05-01 00:30:00;0.912
62120006;ROUTE DE LAMBRES;Aire-sur-la-Lys;50.629;2.39;R;E10;5;2026-05-01 00:30:00;1.969
62120006;ROUTE DE LAMBRES;Aire-sur-la-Lys;50.629;2.39;R;SP98;6;2026-05-01 00:30:00;2.079
31130003;23 Avenue des Aérostiers;Balma;43.609;1.489;R;Gazole;1;2026-05-01 00:30:00;2.208
31130003;23 Avenue des Aérostiers;Balma;43.609;1.489;R;E85;3;2026-05-01 00:30:00;1.001
31130003;23 Avenue des Aérostiers;Balma;43.609;1.489;R;E10;5;2026-05-01 00:30:00;2.007
31130003;23 Avenue des Aérostiers;Balma;43.609;1.489;R;SP98;6;2026-05-01 00:30:00;2.087
13710002;RN 96 LES 4 CHEMINS LA BARQUE;Fuveau;43.478;5.538;R;Gazole;1;2026-05-01 00:30:00;2.259
13710002;RN 96 LES 4 CHEMINS LA BARQUE;Fuveau;43.478;5.538;R;E85;3;2026-05-01 00:30:00;0.983
13710002;RN 96 LES 4 CHEMINS LA BARQUE;Fuveau;43.478;5.538;R;E10;5;2026-05-01 00:30:00;1.999
13710002;RN 96 LES 4 CHEMINS LA BARQUE;Fuveau;43.478;5.538;R;SP98;6;2026-05-01 00:30:00;2.056
31120005;50 Route d'Espagne;Portet-sur-Garonne;43.543;1.416;R;Gazole;1;2026-05-01 00:30:00;2.222
31120005;50 Route d'Espagne;Portet-sur-Garonne;43.543;1.416;R;E10;5;2026-05-01 00:30:00;1.999
67150001;ROUTE DE LYON;Erstein;48.415;7.636;R;Gazole;1;2026-05-01 00:30:00;2.223
67150001;ROUTE DE LYON;Erstein;48.415;7.636;R;E10;5;2026-05-01 00:30:00;1.99
67150001;ROUTE DE LYON;Erstein;48.415;7.636;R;SP98;6;2026-05-01 00:30:00;2.071
74100005;6 Route des Vallées;Annemasse;46.194;6.241;R;Gazole;1;2026-05-01 00:30:00;2.278
74100005;6 Route des Vallées;Annemasse;46.194;6.241;R;E85;3;2026-05-01 00:30:00;0.963
74100005;6 Route des Vallées;Annemasse;46.194;6.241;R;E10;5;2026-05-01 00:30:00;2.048
74100005;6 Route des Vallées;Annemasse;46.194;6.241;R;SP98;6;2026-05-01 00:30:00;2.128
74800002;3515 Avenue du Mont-Blanc;Saint-Pierre-en-Faucigny;46.073;6.392;R;Gazole;1;2026-05-01 00:30:00;2.236
74800002;3515 Avenue du Mont-Blanc;Saint-Pierre-en-Faucigny;46.073;6.392;R;E85;3;2026-05-01 00:30:00;0.968
74800002;3515 Avenue du Mont-Blanc;Saint-Pierre-en-Faucigny;46.073;6.392;R;E10;5;2026-05-01 00:30:00;2.008
74800002;3515 Avenue du Mont-Blanc;Saint-Pierre-en-Faucigny;46.073;6.392;R;SP98;6;2026-05-01 00:30:00;2.104
38190004;AUTOROUTE A 41;Saint-Nazaire-les-Eymes;45.247;5.868;A;Gazole;1;2026-05-01 00:30:00;2.367
38190004;AUTOROUTE A 41;Saint-Nazaire-les-Eymes;45.247;5.868;A;E10;5;2026-05-01 00:30:00;2.165
38190004;AUTOROUTE A 41;Saint-Nazaire-les-Eymes;45.247;5.868;A;SP98;6;2026-05-01 00:30:00;2.265
83490002;1068 ROUTE D'AIX;Le Muy;43.468;6.549;R;Gazole;1;2026-05-01 00:30:00;2.217
83490002;1068 ROUTE D'AIX;Le Muy;43.468;6.549;R;E85;3;2026-05-01 00:30:00;0.999
83490002;1068 ROUTE D'AIX;Le Muy;43.468;6.549;R;E10;5;2026-05-01 00:30:00;1.999
83490002;1068 ROUTE D'AIX;Le Muy;43.468;6.549;R;SP98;6;2026-05-01 00:30:00;2.079
76330003;2 avenue du General DE GAULLE;PORT JEROME SUR SEINE;49.489;0.566;R;Gazole;1;2026-05-01 00:30:00;2.208
76330003;2 avenue du General DE GAULLE;PORT JEROME SUR SEINE;49.489;0.566;R;E85;3;2026-05-01 00:30:00;0.921
76330003;2 avenue du General DE GAULLE;PORT JEROME SUR SEINE;49.489;0.566;R;E10;5;2026-05-01 00:30:00;2.009
76330003;2 avenue du General DE GAULLE;PORT JEROME SUR SEINE;49.489;0.566;R;SP98;6;2026-05-01 00:30:00;2.089
59380002;16 rue nationale;Bierne;50.973;2.423;R;Gazole;1;2026-05-01 00:30:00;2.205
59380002;16 rue nationale;Bierne;50.973;2.423;R;E10;5;2026-05-01 00:30:00;1.999
59380002;16 rue nationale;Bierne;50.973;2.423;R;SP98;6;2026-05-01 00:30:00;2.079
64000007;34 Avenue des Martyrs du Pont Long;Pau;43.339;-0.38;R;Gazole;1;2026-05-01 00:30:00;2.217
64000007;34 Avenue des Martyrs du Pont Long;Pau;43.339;-0.38;R;E85;3;2026-05-01 00:30:00;0.97
64000007;34 Avenue des Martyrs du Pont Long;Pau;43.339;-0.38;R;E10;5;2026-05-01 00:30:00;1.99
64000007;34 Avenue des Martyrs du Pont Long;Pau;43.339;-0.38;R;SP98;6;2026-05-01 00:30:00;2.07
40530001;AUTOROUTE A63 COTE OUEST;Labenne;43.587;-1.42;A;Gazole;1;2026-05-01 00:30:00;2.415
40530001;AUTOROUTE A63 COTE OUEST;Labenne;43.587;-1.42;A;GPLc;4;2026-05-01 00:30:00;1.099
40530001;AUTOROUTE A63 COTE OUEST;Labenne;43.587;-1.42;A;E10;5;2026-05-01 00:30:00;2.083
40530001;AUTOROUTE A63 COTE OUEST;Labenne;43.587;-1.42;A;SP98;6;2026-05-01 00:30:00;2.183
41600004;AUTOROUTE A 71;CHAUMONT-SUR-THARONNE;47.663;1.93;A;Gazole;1;2026-05-01 00:30:00;2.351
41600004;AUTOROUTE A 71;CHAUMONT-SUR-THARONNE;47.663;1.93;A;GPLc;4;2026-05-01 00:30:00;1.064
41600004;AUTOROUTE A 71;CHAUMONT-SUR-THARONNE;47.663;1.93;A;E10;5;2026-05-01 00:30:00;2.149
41600004;AUTOROUTE A 71;CHAUMONT-SUR-THARONNE;47.663;1.93;A;SP98;6;2026-05-01 00:30:00;2.249
30126005;AUTOROUTE A9;Tavel;44.001;4.701;A;Gazole;1;2026-05-01 00:30:00;2.425
30126005;AUTOROUTE A9;Tavel;44.001;4.701;A;GPLc;4;2026-05-01 00:30:00;1.149
30126005;AUTOROUTE A9;Tavel;44.001;4.701;A;E10;5;2026-05-01 00:30:00;2.141
30126005;AUTOROUTE A9;Tavel;44.001;4.701;A;SP98;6;2026-05-01 00:30:00;2.241
12110004;41ter Avenue Adam Grange;Viviez;44.561;2.231;R;Gazole;1;2026-05-01 00:00:00;2.09
63940001;19 Avenue du Livradois;Marsac-en-Livradois;45.48106;3.72648;R;Gazole;1;2026-05-01 00:01:00;2.09
63940001;19 Avenue du Livradois;Marsac-en-Livradois;45.48106;3.72648;R;E10;5;2026-05-01 00:01:00;1.99
63940001;19 Avenue du Livradois;Marsac-en-Livradois;45.48106;3.72648;R;SP98;6;2026-05-01 00:01:00;1.99
13230004;ZA de Malebarge;Port-Saint-Louis-du-Rhône;43.3909607;4.81006;R;Gazole;1;2026-05-01 00:01:00;2.09
63190011;AUTOROUTE A89 - AIRE LIMAGNE SUD;ORLEAT;45.851;3.405;A;Gazole;1;2026-05-01 00:02:00;2.09
63190011;AUTOROUTE A89 - AIRE LIMAGNE SUD;ORLEAT;45.851;3.405;A;E10;5;2026-05-01 00:02:00;1.99
63190011;AUTOROUTE A89 - AIRE LIMAGNE SUD;ORLEAT;45.851;3.405;A;SP98;6;2026-05-01 00:02:00;1.99
12000013;616 AVENUE DE DECAZEVILLE;RODEZ;44.37;2.548;R;Gazole;1;2026-05-01 00:33:24;2.09
49570001;24 rue d'Anjou;MONTJEAN SUR LOIRE;47.39;-0.862;R;Gazole;1;2026-05-01 00:01:00;2.09
12430001;33 AVENUE DU LAC;VILLEFRANCHE-DE-PANAT;44.09;2.701;R;Gazole;1;2026-05-01 00:01:00;2.09
44140006;22 Avenue de la Vendée;Geneston;47.052;-1.509;R;Gazole;1;2026-05-01 00:00:00;2.09
92600009;272 AVENUE DES GRESILLONS;Asnières-sur-Seine;48.92;2.313;R;Gazole;1;2026-05-01 00:00:00;2.09
21250002;58 Faubourg St Georges;SEURRE;46.99;5.148;R;Gazole;1;2026-05-01 00:08:12;2.09
21250002;58 Faubourg St Georges;SEURRE;46.99;5.148;R;SP95;2;2026-05-01 00:08:12;1.99
13680008;AUTOROUTE A7 - AIRE DE LANÇON OUEST;Lançon-Provence;43.585629439;5.2019342191;A;Gazole;1;2026-05-01 00:00:00;2.09
22140003;1 route de treguier;Landebaëron;48.641428602430004;-3.1893220909409;R;Gazole;1;2026-05-01 00:10:00;2.09
69210003;33 RUE DE PARIS  RN7;L'Arbresle;45.838;4.611;R;Gazole;1;2026-05-01 00:01:00;2.09
63670001;Rue Jean Mermoz;LE CENDRE;45.726;3.188;R;Gazole;1;2026-05-01 00:01:00;2.149
63670001;Rue Jean Mermoz;LE CENDRE;45.726;3.188;R;SP98;6;2026-05-01 00:01:00;2.099
1260002;212 RUE DU STADE;Champagne-en-Valromey;45.90707716441;5.6769443769981;R;Gazole;1;2026-05-01 00:01:00;2.09
21110003;7 Rue Aristide Briand;Genlis;47.238;5.224;R;Gazole;1;2026-05-01 00:30:00;2.222
21110003;7 Rue Aristide Briand;Genlis;47.238;5.224;R;E85;3;2026-05-01 00:30:00;0.964
21110003;7 Rue Aristide Briand;Genlis;47.238;5.224;R;E10;5;2026-05-01 00:30:00;2.009
21110003;7 Rue Aristide Briand;Genlis;47.238;5.224;R;SP98;6;2026-05-01 00:30:00;2.089
25000008;50 Boulevard Léon Blum;Besançon;47.259;6.029;R;Gazole;1;2026-05-01 00:30:00;2.192
25000008;50 Boulevard Léon Blum;Besançon;47.259;6.029;R;E10;5;2026-05-01 00:30:00;2.012
25000008;50 Boulevard Léon Blum;Besançon;47.259;6.029;R;SP98;6;2026-05-01 00:30:00;2.092
67441001;ROUTE DE SAVERNE;MARMOUTIER;48.701;7.375;R;Gazole;1;2026-05-01 00:01:00;2.169
67441001;ROUTE DE SAVERNE;MARMOUTIER;48.701;7.375;R;SP95;2;2026-05-01 00:01:00;2.061
67441001;ROUTE DE SAVERNE;MARMOUTIER;48.701;7.375;R;E85;3;2026-05-01 00:01:00;0.736
67441001;ROUTE DE SAVERNE;MARMOUTIER;48.701;7.375;R;E10;5;2026-05-01 00:01:00;2.023
67441001;ROUTE DE SAVERNE;MARMOUTIER;48.701;7.375;R;SP98;6;2026-05-01 00:01:00;2.097
13011016;AUTOROUTE A50 - AIRE DE LA POMME;Marseille;43.293;5.456;A;Gazole;1;2026-05-01 00:00:00;2.09
57070005;192 Avenue de Strasbourg;Metz;49.106;6.209;R;Gazole;1;2026-05-01 00:30:00;2.233
57070005;192 Avenue de Strasbourg;Metz;49.106;6.209;R;E85;3;2026-05-01 00:30:00;0.954
57070005;192 Avenue de Strasbourg;Metz;49.106;6.209;R;E10;5;2026-05-01 00:30:00;1.999
57070005;192 Avenue de Strasbourg;Metz;49.106;6.209;R;SP98;6;2026-05-01 00:30:00;2.079
59290002;Rue de la Couture;Wasquehal;50.653;3.126;R;Gazole;1;2026-05-01 00:30:00;2.198
59290002;Rue de la Couture;Wasquehal;50.653;3.126;R;E85;3;2026-05-01 00:30:00;0.92
59290002;Rue de la Couture;Wasquehal;50.653;3.126;R;E10;5;2026-05-01 00:30:00;1.99
59290002;Rue de la Couture;Wasquehal;50.653;3.126;R;SP98;6;2026-05-01 00:30:00;1.99
80480004;59 route d'amiens 80480 dury;Dury;49.86;2.274;R;Gazole;1;2026-05-01 00:01:00;2.09
20100001;Place Saint Damien;Sartène;41.619;8.968;R;Gazole;1;2026-05-01 00:37:39;2.09
20100001;Place Saint Damien;Sartène;41.619;8.968;R;SP95;2;2026-05-01 00:37:39;1.99
21700005;20 RN 74;Corgoloin;47.097;4.913;R;Gazole;1;2026-05-01 00:01:00;2.09
44840002;AUTOROUTE A83 - AIRE DE LA GRASSINIÈRE;LES SORINIERES;47.159;-1.513;A;Gazole;1;2026-05-01 00:01:00;2.09
44840002;AUTOROUTE A83 - AIRE DE LA GRASSINIÈRE;LES SORINIERES;47.159;-1.513;A;E10;5;2026-05-01 00:01:00;1.99
74500011;7 AVENUE DES BOCQUIES;EVIAN LES BAINS;46.39647900000001;6.573086999999999;R;E10;5;2026-05-01 00:01:00;2.089
74500011;7 AVENUE DES BOCQUIES;EVIAN LES BAINS;46.39647900000001;6.573086999999999;R;SP98;6;2026-05-01 00:01:00;2.169
33380005;AVENUE ZAC 2000;MIOS;44.66;-0.829;R;Gazole;1;2026-05-01 00:26:32;2.09
33380005;AVENUE ZAC 2000;MIOS;44.66;-0.829;R;E10;5;2026-05-01 00:26:32;1.99
33380005;AVENUE ZAC 2000;MIOS;44.66;-0.829;R;SP98;6;2026-05-01 00:26:32;1.99
85000002;5 rue des Platanes;LA ROCHE-SUR-YON;46.664980630470005;-1.4522730197907001;R;Gazole;1;2026-05-01 00:01:00;2.144
85000002;5 rue des Platanes;LA ROCHE-SUR-YON;46.664980630470005;-1.4522730197907001;R;SP98;6;2026-05-01 00:01:00;2.069
